0.000000000000000000e+00 -5.835308837890625000e+01
2.315039999999999980e-03 -8.721441778060477645e+01
4.630079999999999960e-03 -8.824805803710000873e+01
6.945119999999999939e-03 -1.298236083903916551e+02
9.260159999999999919e-03 -6.303456268906072069e+01
1.157520000000000077e-02 -9.761710721788199763e+00
1.389023999999999988e-02 2.671913620564635750e+01
1.620527999999999899e-02 1.256203501767908470e+01
1.852031999999999984e-02 -6.099913340345485580e+01
2.083536000000000069e-02 -5.654949132352802366e+01
2.315040000000000153e-02 4.028015512436825318e+00
2.546543999999999891e-02 1.733247199637496578e+02
2.778047999999999976e-02 2.024112628874908637e+02
3.009552000000000060e-02 1.038987543043229493e+02
3.241055999999999798e-02 -3.892219910505978930e+01
3.472560000000000230e-02 -1.031949589777100016e+02
3.704063999999999968e-02 -6.037674288557789737e+01
3.935567999999999705e-02 5.230609356047004610e+01
4.167072000000000137e-02 1.482633917058979023e+02
4.398575999999999875e-02 2.197990747079975904e+02
4.630080000000000306e-02 1.558392028431331653e+02
4.861584000000000044e-02 7.488015840616650109e+01
5.093087999999999782e-02 2.792896609164560573e+01
5.324592000000000214e-02 7.211620496897430144e+01
5.556095999999999951e-02 1.559232171291398572e+02
5.787599999999999689e-02 2.097904310166870800e+02
6.019104000000000121e-02 1.912311259796447587e+02
6.250608000000000553e-02 8.014918219854622805e+01
6.482111999999999596e-02 -3.029671667811473412e+01
6.713616000000000028e-02 -6.719859552744625830e+01
6.945120000000000460e-02 1.728340381680358462e+01
7.176623999999999504e-02 5.081835385939587724e+01
7.408127999999999935e-02 7.024767857349553424e+01
7.639632000000000367e-02 4.075545931201568095e+01
7.871135999999999411e-02 2.801222983126321964e+01
8.102639999999999842e-02 -1.091775540045356041e-01
8.334144000000000274e-02 1.306438729346521832e+01
8.565647999999999318e-02 2.309349097129806694e+01
8.797151999999999750e-02 7.762208068958574358e+01
9.028656000000000181e-02 4.359456407750057139e+01
9.260160000000000613e-02 -5.353801581759491768e+01
9.491663999999999657e-02 -6.401580649564739645e+01
9.723168000000000089e-02 -6.397823573936828012e+01
9.954672000000000520e-02 -4.745387954374115935e+01
1.018617599999999956e-01 -5.129342669355249740e+01
1.041768000000000000e-01 -8.746852405143164333e+01
1.064918400000000043e-01 -1.297999808380289437e+02
1.088068799999999947e-01 -1.290192083356332660e+02
1.111219199999999990e-01 -7.011751382162890422e+01
1.134369600000000033e-01 -3.689773511198599465e+01
1.157519999999999938e-01 -5.433831662394564432e+01
1.180670399999999981e-01 -8.746286203480444499e+01
1.203820800000000024e-01 -7.934555915722786779e+01
1.226971199999999929e-01 -1.064582373377789679e+02
1.250121600000000111e-01 -1.078773667848159477e+02
1.273272000000000015e-01 -3.089917602722650258e+01
1.296422399999999919e-01 -1.072697836089845325e+01
1.319572800000000101e-01 -3.323089662205180161e+01
1.342723200000000006e-01 -4.496353029691190528e+01
1.365873599999999910e-01 -7.122151207606056289e+01
1.389024000000000092e-01 -8.651646207583391401e+01
1.412174399999999996e-01 2.543509293978532426e+01
1.435324799999999901e-01 5.532332359068717409e+01
1.458475200000000083e-01 1.369464281094610136e+01
1.481625599999999987e-01 -6.673193727263014807e+01
1.504775999999999891e-01 -9.652282284373271182e+01
1.527926400000000073e-01 -1.056082505693575939e+02
1.551076799999999978e-01 -1.028183237357386730e+02
1.574227199999999882e-01 -4.336090853123983635e+01
1.597377600000000064e-01 -1.272557325561899155e+01
1.620527999999999968e-01 -4.066692068723360620e+01
1.643678399999999873e-01 -6.698550103535760059e+01
1.666828800000000055e-01 -7.055424195524099673e+01
1.689979199999999959e-01 -1.100983024506813450e+02
1.713129599999999864e-01 -1.053029540108607023e+02
1.736280000000000046e-01 -9.442605364826042091e+01
1.759430399999999950e-01 -1.056900310296851444e+02
1.782580799999999854e-01 -1.642021969806915820e+02
1.805731200000000036e-01 -1.623198495714410114e+02
1.828881599999999941e-01 -1.461785823049243334e+02
1.852032000000000123e-01 -1.532152811237542096e+02
1.875182400000000027e-01 -1.533538229690672381e+02
1.898332799999999931e-01 -1.616269110678059349e+02
1.921483200000000113e-01 -1.929520231541058308e+02
1.944633600000000018e-01 -1.560109729605367193e+02
1.967783999999999922e-01 -1.015202110275010057e+02
1.990934400000000104e-01 -9.004856555586886202e+01
2.014084800000000008e-01 -5.295714230361338082e+01
2.037235199999999913e-01 -3.865924902468808710e+01
2.060385600000000095e-01 -6.609236044192856241e+01
2.083535999999999999e-01 -9.263753108434536898e+01
2.106686399999999904e-01 -8.325177370297727464e+01
2.129836800000000085e-01 -5.920822273451191364e+01
2.152987199999999990e-01 -9.472292291634303751e+00
2.176137599999999894e-01 -2.712894240675031376e+00
2.199288000000000076e-01 -5.148913740154271323e+01
2.222438399999999981e-01 -1.032688821789471803e+02
2.245588799999999885e-01 -5.799491070931305359e+01
2.268739200000000067e-01 2.542749456381157103e+01
2.291889599999999971e-01 9.168346607753260002e+01
2.315039999999999876e-01 1.679766246473906506e+02
2.338190400000000058e-01 1.209790999766690760e+02
2.361340799999999962e-01 3.941690199649526960e+01
2.384491199999999866e-01 -1.811645936398851475e+01
2.407641600000000048e-01 6.324943592446320650e+01
2.430791999999999953e-01 1.670749508389006621e+02
2.453942399999999857e-01 2.275717662174018585e+02
2.477092800000000039e-01 2.204380229735234309e+02
2.500243200000000221e-01 1.539544964084553271e+02
2.523393600000000125e-01 7.386909682822910383e+01
2.546544000000000030e-01 5.612971679603846553e+01
2.569694399999999934e-01 6.525283517798010280e+01
2.592844799999999839e-01 8.401897320336399844e+01
2.615995199999999743e-01 1.043380604127556381e+02
2.639145600000000202e-01 7.234598542454560288e+01
2.662296000000000107e-01 -3.460782473700588557e+00
2.685446400000000011e-01 -6.119913055644641986e+01
2.708596799999999916e-01 -3.079161999808031780e+01
2.731747199999999820e-01 6.258457068800932888e+01
2.754897599999999724e-01 6.497198564235020513e+01
2.778048000000000184e-01 -1.783510856116073517e+00
2.801198400000000088e-01 -1.696165648045922580e+01
2.824348799999999993e-01 -3.158375413494332662e+01
2.847499199999999897e-01 -2.486284843965225377e+01
2.870649599999999801e-01 5.501101575731851767e+00
2.893799999999999706e-01 1.169850066997417493e+01
2.916950400000000165e-01 -2.309724196657296247e+01
2.940100800000000070e-01 -5.033086878582475521e+01
2.963251199999999974e-01 -2.104546304220888331e+01
2.986401599999999878e-01 -1.679119181551150675e+01
3.009551999999999783e-01 2.200936169413439947e-01
3.032702400000000242e-01 -1.048143464081503051e+00
3.055852800000000147e-01 -2.569267418470113640e+01
3.079003200000000051e-01 -1.478046426627496679e+01
3.102153599999999956e-01 -4.519137324915592302e+01
3.125303999999999860e-01 -9.054677642291160566e+01
3.148454399999999764e-01 -8.167044114820173206e+01
3.171604800000000224e-01 -2.869698889213809423e+01
3.194755200000000128e-01 -6.933744884983579482e+01
3.217905600000000033e-01 -9.071943522955609751e+01
3.241055999999999937e-01 -9.397657278546300574e+01
3.264206399999999841e-01 -1.235825992326490734e+02
3.287356799999999746e-01 -8.999034979409549351e+01
3.310507200000000205e-01 -8.582279403785776140e+00
3.333657600000000110e-01 -2.744896675948679388e+01
3.356808000000000014e-01 -6.124977063299257196e+01
3.379958399999999918e-01 -4.818120082966367335e+01
3.403108799999999823e-01 -7.997308900639481521e+01
3.426259199999999727e-01 -8.216678409070135558e+01
3.449409600000000187e-01 -2.136238233743248571e+01
3.472560000000000091e-01 3.463475942166055432e+01
3.495710399999999995e-01 4.081127996948545444e+00
3.518860799999999900e-01 -5.361942973903271081e+01
3.542011199999999804e-01 -8.689125331471370828e+01
3.565161599999999709e-01 -8.828120704089664628e+01
3.588312000000000168e-01 -5.995931229586796718e+01
3.611462400000000073e-01 -2.360748975725216692e+00
3.634612799999999977e-01 -2.414204194559163952e+01
3.657763199999999881e-01 -6.262662050275999093e+01
3.680913599999999786e-01 -8.800336898815258735e+01
3.704064000000000245e-01 -8.239812169746102199e+01
3.727214400000000150e-01 -1.262577787919725267e+02
3.750364800000000054e-01 -1.202087201965483985e+02
3.773515199999999958e-01 -1.236239127286972916e+02
3.796665599999999863e-01 -1.691042906645737105e+02
3.819815999999999767e-01 -2.010408185273097388e+02
3.842966400000000227e-01 -1.643080723190666390e+02
3.866116800000000131e-01 -1.738784262569908208e+02
3.889267200000000035e-01 -1.730591610861910681e+02
3.912417599999999940e-01 -1.564608772749598984e+02
3.935567999999999844e-01 -1.630598144345087519e+02
3.958718399999999749e-01 -1.854995519261717618e+02
3.981868800000000208e-01 -1.437057528744269632e+02
4.005019200000000112e-01 -9.737637869782510336e+01
4.028169600000000017e-01 -6.391738856395286916e+01
4.051319999999999921e-01 2.180527432435151347e+00
4.074470399999999826e-01 5.342636156381401769e-01
4.097620799999999730e-01 -8.447179090705964200e+01
4.120771200000000190e-01 -8.765927729693908077e+01
4.143921600000000094e-01 -1.223992278800984366e+02
4.167071999999999998e-01 -4.997940042555160289e+01
4.190222399999999903e-01 2.661097331283862033e+01
4.213372799999999807e-01 5.544105898847582381e+01
4.236523199999999711e-01 -1.683757385985251176e+01
4.259673600000000171e-01 -2.001913055650617324e+01
4.282824000000000075e-01 -2.746872733247236553e+01
4.305974399999999980e-01 1.533768675659873537e+01
4.329124799999999884e-01 1.615297735522177334e+02
4.352275199999999789e-01 1.494089169675794437e+02
4.375425599999999693e-01 1.654356528785888827e+02
4.398576000000000152e-01 3.599488736796657662e+01
4.421726400000000057e-01 -5.291511255950241832e+01
4.444876799999999961e-01 -5.061349498751754084e+01
4.468027199999999866e-01 1.078601034118487831e+02
4.491177599999999770e-01 1.343656978204931818e+02
4.514328000000000229e-01 1.407529199709830436e+02
4.537478400000000134e-01 6.146892766307968259e+01
4.560628800000000038e-01 1.420410237386613161e+01
4.583779199999999943e-01 -5.000873546918510471e+01
4.606929599999999847e-01 1.635090818210543162e+01
4.630079999999999751e-01 6.025104861528762967e+01
4.653230400000000211e-01 3.420611352405354211e+01
4.676380800000000115e-01 -1.150777992366207592e+01
4.699531200000000020e-01 -3.832645986031165819e+01
4.722681599999999924e-01 -5.800580735115975983e+01
4.745831999999999828e-01 6.403462952699562338e-01
4.768982399999999733e-01 9.313167980589068407e+01
4.792132800000000192e-01 7.928180975591777724e+01
4.815283200000000097e-01 5.724853227283666968e+01
4.838433600000000001e-01 5.043891631773556838e+01
4.861583999999999905e-01 6.134680483563236919e+00
4.884734399999999810e-01 3.423439500475667696e+00
4.907884799999999714e-01 7.413810228639310651e+01
4.931035200000000174e-01 8.945701640446512215e+01
4.954185600000000078e-01 9.676598278079235627e+01
4.977335999999999983e-01 4.991182050893816324e+01
5.000486400000000442e-01 -1.616271328505494864e+01
5.023636799999999791e-01 -2.078883457589877892e+01
5.046787200000000251e-01 3.428742795502238749e+01
5.069937599999999600e-01 1.932172588473944685e+01
5.093088000000000060e-01 -6.752605896834300125e+00
5.116238399999999409e-01 -9.408405895575366884e+00
5.139388799999999868e-01 -3.656051439130106928e+01
5.162539200000000328e-01 -9.851727840353859733e+01
5.185689599999999677e-01 -2.624425854732062646e+01
5.208840000000000137e-01 3.482505147694969594e+01
5.231990399999999486e-01 9.598149625514412975e+00
5.255140799999999945e-01 -3.437274566541401555e+01
5.278291200000000405e-01 -1.443688957364688186e+01
5.301441599999999754e-01 -5.838904582339252869e+01
5.324592000000000214e-01 -1.087930026424086094e+00
5.347742399999999563e-01 7.265774611017266693e+01
5.370892800000000022e-01 9.843662919878552486e+01
5.394043200000000482e-01 8.516385748132624656e+01
5.417193599999999831e-01 4.946265286869965649e+01
5.440344000000000291e-01 -1.767804605901466886e+01
5.463494399999999640e-01 1.300996938446346540e+01
5.486644800000000100e-01 1.207382824424928174e+02
5.509795199999999449e-01 1.487102254341743048e+02
5.532945599999999908e-01 3.732305957342099845e+01
5.556096000000000368e-01 -1.971572836412794771e+01
5.579246399999999717e-01 -8.335273892936915274e+01
5.602396800000000177e-01 -1.011068916373635034e+02
5.625547199999999526e-01 -6.195092839705604604e+01
5.648697599999999985e-01 4.484423969346688743e+00
5.671848000000000445e-01 -2.711652486521737870e+01
5.694998399999999794e-01 -6.327835978192570821e+01
5.718148800000000254e-01 -1.075246422582874999e+02
5.741299199999999603e-01 -1.198125476800253466e+02
5.764449600000000062e-01 -1.273106425696970661e+02
5.787599999999999412e-01 -1.084826935912098094e+02
5.810750399999999871e-01 -8.423447070263537739e+01
5.833900800000000331e-01 -1.449207983067233840e+02
5.857051199999999680e-01 -1.880420582669262899e+02
5.880201600000000139e-01 -1.962823523106613948e+02
5.903351999999999489e-01 -1.716520931154924199e+02
5.926502399999999948e-01 -1.651035031722406643e+02
5.949652800000000408e-01 -1.227003889649307098e+02
5.972803199999999757e-01 -1.329894118686596869e+02
5.995953600000000216e-01 -1.311842222436949896e+02
6.019103999999999566e-01 -1.482663326140758784e+02
6.042254400000000025e-01 -1.029952640718104675e+02
6.065404800000000485e-01 -3.359806543148157942e+01
6.088555199999999834e-01 5.865676128266346012e+01
6.111705600000000294e-01 3.121598732270229704e+01
6.134855999999999643e-01 -4.056847669044859117e+01
6.158006400000000102e-01 -7.196328725427331108e+01
6.181156799999999452e-01 -6.052015131882507148e+01
6.204307199999999911e-01 6.814026075089309131e+00
6.227457600000000371e-01 6.233800194137835859e+01
6.250607999999999720e-01 9.244747108630966181e+01
6.273758400000000179e-01 -1.114201375933527061e+01
6.296908799999999529e-01 -1.166298644770887591e+02
6.320059199999999988e-01 -1.242913884922520111e+02
6.343209600000000448e-01 -3.840239868633327802e+01
6.366359999999999797e-01 1.022479520731268394e+02
6.389510400000000256e-01 1.872827911563034888e+02
6.412660799999999606e-01 1.006419434454320907e+02
6.435811200000000065e-01 2.757456087703694081e+01
6.458961599999999414e-01 -1.884067466167335425e+01
6.482111999999999874e-01 -1.100656208609201103e+00
6.505262400000000333e-01 1.657566458055667624e+02
6.528412799999999683e-01 2.632004814246965907e+02
6.551563200000000142e-01 1.790699657034128620e+02
6.574713599999999492e-01 6.329361087457866120e+01
6.597863999999999951e-01 5.250275015009478352e+00
6.621014400000000411e-01 2.389064808758095282e+01
6.644164799999999760e-01 7.490060560234283571e+01
6.667315200000000219e-01 1.220211266185409045e+02
6.690465599999999569e-01 1.576522977231668392e+02
6.713616000000000028e-01 1.560766845208249549e+02
6.736766400000000488e-01 7.698711696552915384e+01
6.759916799999999837e-01 4.231828833531420742e+01
6.783067200000000296e-01 6.697077690226728919e+01
6.806217599999999646e-01 1.449867768824917960e+02
6.829368000000000105e-01 1.462488232635871270e+02
6.852518399999999454e-01 1.158077576669469408e+02
6.875668799999999914e-01 5.801355530129006155e+01
6.898819200000000373e-01 2.639474173139202762e+01
6.921969599999999723e-01 1.664606958717565632e+01
6.945120000000000182e-01 8.539496872803060512e+01
6.968270399999999531e-01 1.083102073759507107e+02
6.991420799999999991e-01 7.876531421981253800e+01
7.014571200000000450e-01 3.125410927474486300e+01
7.037721599999999800e-01 -4.282317086719180566e+01
7.060872000000000259e-01 3.194560675532669869e+00
7.084022399999999609e-01 7.215505692063993592e+01
7.107172800000000068e-01 6.104167178025903695e+01
7.130323199999999417e-01 -1.695148610967944691e+01
7.153473599999999877e-01 -4.994617814987917370e+01
7.176624000000000336e-01 -9.154585918554751345e+01
7.199774399999999686e-01 -1.117653561241394442e+02
7.222924800000000145e-01 -1.148226813858233264e+01
7.246075199999999494e-01 9.064509172963529693e+01
7.269225599999999954e-01 5.086427653210767375e+01
7.292376000000000413e-01 3.617306634205448290e+01
7.315526399999999763e-01 -1.831245384689912825e+01
7.338676800000000222e-01 -3.403748323700042278e+01
7.361827199999999571e-01 3.501039794674459671e+01
7.384977600000000031e-01 5.496195460625050089e+01
7.408128000000000490e-01 7.563769314616541450e+00
7.431278399999999840e-01 -1.149530698714020183e+01
7.454428800000000299e-01 -3.006764412437032519e+01
7.477579199999999648e-01 -4.850183849129073366e+01
7.500729600000000108e-01 -7.877452145181207754e+01
7.523879999999999457e-01 -6.626557094538012116e+00
7.547030399999999917e-01 1.900588506952690082e+01
7.570180800000000376e-01 -3.118306153424609661e+01
7.593331199999999725e-01 -4.761459036113638632e+01
7.616481600000000185e-01 -5.676319946052871757e+01
7.639631999999999534e-01 -1.148438550395342617e+02
7.662782399999999994e-01 -7.553458867502028795e+01
7.685932800000000453e-01 -4.745129156427790917e+01
7.709083199999999803e-01 -9.074073717274184503e+01
7.732233600000000262e-01 -1.127964980524895680e+02
7.755383999999999611e-01 -1.440794062754258391e+02
7.778534400000000071e-01 -1.126658044063185429e+02
7.801684799999999420e-01 -1.537754358225673741e+02
7.824835199999999880e-01 -1.089650969243424186e+02
7.847985600000000339e-01 -1.203417016655685643e+02
7.871135999999999688e-01 -1.709613702567127120e+02
7.894286400000000148e-01 -1.997017776554961301e+02
7.917436799999999497e-01 -1.657504017555363305e+02
7.940587199999999957e-01 -1.481275887733119987e+02
7.963737600000000416e-01 -1.479643475586184422e+02
7.986887999999999765e-01 -1.712879632438097417e+02
8.010038400000000225e-01 -1.984721322212026564e+02
8.033188799999999574e-01 -2.107026102073540983e+02
8.056339200000000034e-01 -1.672968096349386826e+02
8.079489599999999383e-01 -6.999636011455852724e+01
8.102639999999999842e-01 -7.827015603140747402e+00
8.125790400000000302e-01 4.121137062560975295e+01
8.148940799999999651e-01 -2.550115937899404273e+01
8.172091200000000111e-01 -9.946318161397518054e+01
8.195241599999999460e-01 -1.128992303738759375e+02
8.218391999999999920e-01 -5.750705696683246515e+01
8.241542400000000379e-01 -7.258073720812349805e+00
8.264692799999999728e-01 4.447251944398683321e+01
8.287843200000000188e-01 1.718355449039147231e+01
8.310993599999999537e-01 -6.148842664008140702e+01
8.334143999999999997e-01 -3.703854554601383597e+01
8.357294400000000456e-01 -5.263870667159597616e+00
8.380444799999999805e-01 7.643548067049513861e+01
8.403595200000000265e-01 1.351745247262032592e+02
8.426745599999999614e-01 1.833954551983239298e+02
8.449896000000000074e-01 9.374662787213016202e+01
8.473046399999999423e-01 -3.198175145475596892e+00
8.496196799999999882e-01 -9.687890404457826676e+00
8.519347200000000342e-01 3.051177471368684735e+01
8.542497599999999691e-01 1.576915780218906491e+02
8.565648000000000151e-01 1.969257584402231203e+02
8.588798399999999500e-01 2.385155097627769010e+02
8.611948799999999959e-01 8.150866591851925591e+01
8.635099200000000419e-01 -4.038445996840734864e+01
8.658249599999999768e-01 -1.895631614107970364e+01
8.681400000000000228e-01 1.243622638818627166e+02
8.704550399999999577e-01 1.507624378223658255e+02
8.727700800000000037e-01 1.342802749056550340e+02
8.750851199999999386e-01 5.076013579641803375e+01
8.774001599999999845e-01 -3.628719080238379036e+01
8.797152000000000305e-01 3.393210702332065409e+01
8.820302399999999654e-01 7.489685125594239423e+01
8.843452800000000114e-01 8.337926526562792162e+01
8.866603199999999463e-01 8.435583327614887139e+01
8.889753599999999922e-01 6.735252312159448707e+01
8.912904000000000382e-01 -2.304841752485546635e+01
8.936054399999999731e-01 -3.278126766397993919e+01
8.959204800000000191e-01 -1.431037164909611903e+01
8.982355199999999540e-01 3.661357280076428111e+01
9.005505599999999999e-01 6.029847478410173522e+01
9.028656000000000459e-01 4.383851247158477804e+01
9.051806399999999808e-01 -7.995472483736847380e+00
9.074956800000000268e-01 -5.307105333148395943e+01
9.098107199999999617e-01 -3.609822366141784755e+00
9.121257600000000076e-01 6.841479789077449425e+01
9.144407999999999426e-01 5.802198310957353300e+01
9.167558399999999885e-01 -4.869559015800483337e+00
9.190708800000000345e-01 -5.460589956100437092e+01
9.213859199999999694e-01 -1.139879052788963349e+02
9.237009600000000153e-01 -9.678550216387387195e+01
9.260159999999999503e-01 -2.400670476308295065e+01
9.283310399999999962e-01 -1.976954842607040774e+01
9.306460800000000422e-01 -4.528045013933822815e+01
9.329611199999999771e-01 -2.787111267108092960e+01
9.352761600000000231e-01 -4.954842642417064269e+01
9.375911999999999580e-01 -9.172852219028803233e+01
9.399062400000000039e-01 -3.759632086705450149e+01
9.422212799999999389e-01 6.486450300685547177e+00
9.445363199999999848e-01 1.636025530356762658e+01
9.468513600000000308e-01 -2.121895624103857614e+01
9.491663999999999657e-01 -2.001364360337847259e+01
9.514814400000000116e-01 -2.247258705927830036e+01
9.537964799999999466e-01 2.737385386418373656e+01
9.561115199999999925e-01 7.350996421748276077e+01
9.584265600000000385e-01 1.688203903677700168e+01
9.607415999999999734e-01 -2.078788393390782829e+01
9.630566400000000193e-01 -4.201049152618207216e+00
9.653716799999999543e-01 -4.120513026579700977e+01
9.676867200000000002e-01 -8.706852052361416838e+01
9.700017600000000462e-01 -7.301820688239639878e+01
9.723167999999999811e-01 -5.350487404138705472e+01
9.746318400000000270e-01 -2.880907597245578700e+01
9.769468799999999620e-01 -4.302492642612049423e+01
9.792619200000000079e-01 -4.978906580919269942e+01
9.815769599999999429e-01 -8.987237413984726686e+01
9.838919999999999888e-01 -1.133586298692182339e+02
9.862070400000000348e-01 -1.068142167743955895e+02
9.885220799999999697e-01 -1.470585247256624939e+02
9.908371200000000156e-01 -1.683818486001540293e+02
9.931521599999999506e-01 -2.059906318037868118e+02
9.954671999999999965e-01 -1.514653151508652513e+02
9.977822400000000425e-01 -1.466907516839786467e+02
1.000097280000000088e+00 -1.383143169118785636e+02
1.002412319999999912e+00 -1.468286728745228231e+02
1.004727359999999958e+00 -1.249670055975476259e+02
1.007042400000000004e+00 -1.338973891856813623e+02
1.009357440000000050e+00 -8.883685200506192814e+01
1.011672480000000096e+00 -4.118488119219871635e+01
1.013987519999999920e+00 2.822804478958057928e+01
1.016302559999999966e+00 3.781311675357363811e+01
1.018617600000000012e+00 -6.413053216791071520e+01
1.020932640000000058e+00 -1.025597230385862417e+02
1.023247679999999882e+00 -7.864104833915807546e+01
1.025562719999999928e+00 3.723635413302038444e+01
1.027877759999999974e+00 7.435866245796844964e+01
1.030192800000000020e+00 1.241421893742292468e+02
1.032507840000000066e+00 6.386110059362665936e+01
1.034822879999999889e+00 -3.984151183834354981e+01
1.037137919999999935e+00 -8.927742764401297393e+01
1.039452959999999981e+00 -3.248587765083052403e+01
1.041768000000000027e+00 8.408327762731927635e+01
1.044083040000000073e+00 1.421633252376342114e+02
1.046398079999999897e+00 1.581731875278270820e+02
1.048713119999999943e+00 5.930712845706214864e+01
1.051028159999999989e+00 2.019528620590982371e+01
1.053343200000000035e+00 2.322350063172546442e+01
1.055658240000000081e+00 1.121811430144417585e+02
1.057973279999999905e+00 2.176080190537660428e+02
1.060288319999999951e+00 2.288430680809155433e+02
1.062603359999999997e+00 1.819038160979398810e+02
1.064918400000000043e+00 9.325891733017073193e+01
1.067233440000000089e+00 2.284879888433070505e+01
1.069548479999999913e+00 7.071381279817299514e+01
1.071863519999999959e+00 2.352497169969498714e+02
1.074178560000000004e+00 1.873949352408867526e+02
1.076493600000000050e+00 1.561551755376962944e+02
1.078808640000000096e+00 8.657641291664174332e+01
1.081123679999999920e+00 2.247136661736561791e+01
1.083438719999999966e+00 2.990528917240823148e+01
1.085753760000000012e+00 1.124678502700355835e+02
1.088068800000000058e+00 1.553017320173276232e+02
1.090383839999999882e+00 1.141693530355689035e+02
1.092698879999999928e+00 3.039624961096413358e+01
1.095013919999999974e+00 -2.296335024696864480e+01
1.097328960000000020e+00 2.448698700962275154e+00
1.099644000000000066e+00 9.459222583380942240e+01
1.101959039999999890e+00 1.369155664748770675e+02
1.104274079999999936e+00 1.496449894910905130e+02
1.106589119999999982e+00 1.426030561653732605e+02
1.108904160000000028e+00 9.125436932977146398e+01
1.111219200000000074e+00 2.668161688777269092e+01
1.113534239999999897e+00 9.793468741756514362e+01
1.115849279999999943e+00 1.663919303849771154e+02
1.118164319999999989e+00 1.267652762533605539e+02
1.120479360000000035e+00 8.126179402173177380e+01
1.122794400000000081e+00 5.971166490491814471e+01
1.125109439999999905e+00 -3.230858029359481520e+01
1.127424479999999951e+00 2.441027939908806843e+01
1.129739519999999997e+00 1.243888151572538021e+02
1.132054560000000043e+00 1.321146138375489159e+02
1.134369600000000089e+00 8.760751677253156799e+01
1.136684639999999913e+00 8.065948560763597186e+01
1.138999679999999959e+00 5.007714263085001960e+01
1.141314720000000005e+00 2.320882348794587102e+01
1.143629760000000051e+00 9.130721914811707052e+01
1.145944800000000097e+00 1.644824390948755592e+02
1.148259839999999921e+00 1.635255067264295690e+02
1.150574879999999967e+00 9.429124272813174912e+01
1.152889920000000012e+00 4.012651207945941678e+01
1.155204960000000058e+00 1.455412861049492435e+01
1.157519999999999882e+00 1.249683869076547005e+01
1.159835039999999928e+00 6.515858007411381436e+01
1.162150079999999974e+00 8.165665298552339380e+01
1.164465120000000020e+00 1.465137065059330723e+01
1.166780160000000066e+00 1.325121803020858380e+01
1.169095199999999890e+00 3.354037508295387227e+01
1.171410239999999936e+00 -1.901554094324779953e-01
1.173725279999999982e+00 7.679064504065961216e+01
1.176040320000000028e+00 9.045574496075444415e+01
1.178355360000000074e+00 3.856904820459623551e+01
1.180670399999999898e+00 -3.684896444877723809e+01
1.182985439999999944e+00 -7.504191035361223783e+01
1.185300479999999990e+00 -1.015392493302166201e+02
1.187615520000000036e+00 -5.312621416073716318e+01
1.189930560000000082e+00 -6.144245504581380146e+01
1.192245599999999905e+00 -1.350162858689440384e+02
1.194560639999999951e+00 -1.902304506040902368e+02
1.196875679999999997e+00 -1.895745593074865383e+02
1.199190720000000043e+00 -1.607636803403997590e+02
1.201505760000000089e+00 -1.167121331651712808e+02
1.203820799999999913e+00 -5.497153211601618494e+01
1.206135839999999959e+00 -9.152866032192758894e+01
1.208450880000000005e+00 -1.293882227320488312e+02
1.210765920000000051e+00 -1.175984792630588487e+02
1.213080960000000097e+00 -1.464995219694863238e+01
1.215395999999999921e+00 1.801444360991937117e+02
1.217711039999999967e+00 1.963141293562087242e+02
1.220026080000000013e+00 1.451374517766705594e+02
1.222341120000000059e+00 6.954397489486953532e+01
1.224656159999999883e+00 2.595499611292046183e+01
1.226971199999999929e+00 3.035387387254231584e+01
1.229286239999999975e+00 6.252743059535198000e+01
1.231601280000000020e+00 1.451174113720856269e+02
1.233916320000000066e+00 1.916927047082951674e+02
1.236231359999999890e+00 1.106394356304440407e+02
1.238546399999999936e+00 -1.375150427682807219e+01
1.240861439999999982e+00 -2.470772109908976688e+01
1.243176480000000028e+00 7.300953282071847639e+01
1.245491520000000074e+00 2.297720849977621356e+02
1.247806559999999898e+00 2.367176194025798281e+02
1.250121599999999944e+00 2.750603028296383741e+02
1.252436639999999990e+00 1.739008566905575037e+02
1.254751680000000036e+00 1.223149827069998992e+02
1.257066720000000082e+00 1.828255765850326213e+02
1.259381759999999906e+00 2.872745117395093644e+02
1.261696799999999952e+00 4.088904952312391856e+02
1.264011839999999998e+00 3.215546290928916164e+02
1.266326880000000044e+00 2.727327117332139323e+02
1.268641920000000090e+00 1.393369151304385696e+02
1.270956959999999913e+00 7.931363767042762447e+01
1.273271999999999959e+00 1.216436745616860549e+02
1.275587040000000005e+00 1.913170917660511350e+02
1.277902080000000051e+00 2.249735144107633573e+02
1.280217120000000097e+00 2.371591874407834553e+02
1.282532159999999921e+00 1.391864451834760530e+02
1.284847199999999967e+00 1.068002323661889648e+02
1.287162240000000013e+00 1.032472077762035241e+02
1.289477280000000059e+00 1.724445846736936403e+02
1.291792319999999883e+00 1.340857125044582858e+02
1.294107359999999929e+00 1.327627108763565218e+02
1.296422399999999975e+00 7.811510660137656714e+01
1.298737440000000021e+00 -1.080884864669269518e+01
1.301052480000000067e+00 -6.206069100027164609e+00
1.303367519999999891e+00 4.982056166508914430e+01
1.305682559999999937e+00 7.551313721329657369e+01
1.307997599999999983e+00 6.608671226904989737e+01
1.310312640000000028e+00 4.299957634409899754e+01
1.312627680000000074e+00 -3.096453055133231658e+01
1.314942719999999898e+00 -4.811525520368238773e+01
1.317257759999999944e+00 9.124166399140499095e+00
1.319572799999999990e+00 2.455362400297014602e+01
1.321887840000000036e+00 1.744093672559923647e+01
1.324202880000000082e+00 2.045135112299337976e+01
1.326517919999999906e+00 -4.390377483035476303e+01
1.328832959999999952e+00 -5.111776369509608031e+01
1.331147999999999998e+00 4.023424013056791182e+01
1.333463040000000044e+00 9.506934287764045166e+01
1.335778080000000090e+00 3.109534715036379282e+01
1.338093119999999914e+00 5.780876811523748415e+01
1.340408159999999960e+00 4.233072523987267033e+01
1.342723200000000006e+00 -5.990079699371187871e+01
1.345038240000000052e+00 -6.443889170333645211e+01
1.347353280000000098e+00 2.388723683454001900e+01
1.349668319999999921e+00 1.056310554825485859e+01
1.351983359999999967e+00 -3.139609742751439825e+01
1.354298400000000013e+00 3.037333618542653824e+00
1.356613440000000059e+00 -1.099329139541107558e+01
1.358928479999999883e+00 -3.391130463417434271e+01
1.361243519999999929e+00 -1.919837213798830078e+01
1.363558559999999975e+00 4.269177830646231797e+00
1.365873600000000021e+00 -3.425577422640333225e+01
1.368188640000000067e+00 -6.204899940030713879e+01
1.370503679999999891e+00 -4.681423616535617782e+01
1.372818719999999937e+00 -7.052122363848413045e+01
1.375133759999999983e+00 -4.521921627892844242e+01
1.377448800000000029e+00 -1.575511238220500232e+01
1.379763840000000075e+00 -3.147813562779547425e+01
1.382078879999999899e+00 -8.208398486209361522e+01
1.384393919999999945e+00 -1.270529689124159347e+02
1.386708959999999990e+00 -1.305149784473379100e+02
1.389024000000000036e+00 -1.215953750655415604e+02
1.391339040000000082e+00 -1.573820056369226279e+02
1.393654079999999906e+00 -1.463637851310896281e+02
1.395969119999999952e+00 -1.787252200222972931e+02
1.398284159999999998e+00 -2.060534060192485981e+02
1.400599200000000044e+00 -1.742867441867378488e+02
1.402914240000000090e+00 -1.685426021693876919e+02
1.405229279999999914e+00 -1.513301922932241439e+02
1.407544319999999960e+00 -1.221104449903178590e+02
1.409859360000000006e+00 -1.195423035434212125e+02
1.412174400000000052e+00 -1.224907317009137699e+02
1.414489440000000098e+00 -1.084863182424847992e+02
1.416804479999999922e+00 -2.666760893665620813e+01
1.419119519999999968e+00 -3.488995564538029726e+01
1.421434560000000014e+00 4.568559741005915953e+01
1.423749600000000060e+00 5.753779026940131303e+01
1.426064639999999883e+00 -5.649262355625033649e+01
1.428379679999999929e+00 -1.031062545489063496e+02
1.430694719999999975e+00 -4.063383317375202353e+01
1.433009760000000021e+00 5.668065599150455114e+01
1.435324800000000067e+00 1.423743247159972611e+02
1.437639839999999891e+00 1.796210836086906966e+02
1.439954879999999937e+00 9.061207816468825627e+01
1.442269919999999983e+00 2.088748621813432749e+01
1.444584960000000029e+00 2.056100040791764982e+01
1.446900000000000075e+00 1.277634036006924134e+02
1.449215039999999899e+00 1.795504345758540126e+02
1.451530079999999945e+00 2.357060809703040150e+02
1.453845119999999991e+00 1.745740731488106121e+02
1.456160160000000037e+00 5.095063141586261679e+01
1.458475200000000083e+00 -3.151660819426143689e+01
1.460790239999999907e+00 -1.321538126977739225e+01
1.463105279999999953e+00 5.543381914966712998e+01
1.465420319999999998e+00 1.155970175519729537e+02
1.467735360000000044e+00 8.584292217539656633e+01
1.470050400000000090e+00 -5.182639129797806277e+00
1.472365439999999914e+00 -9.871326173222985290e+01
1.474680479999999960e+00 -1.167550538718712687e+02
1.476995520000000006e+00 -2.664768728634891204e+01
1.479310560000000052e+00 7.199586832923780833e+01
1.481625600000000098e+00 1.009778266238394622e+02
1.483940639999999922e+00 7.772712643141568378e+01
1.486255679999999968e+00 -5.038910968155676073e+00
1.488570720000000014e+00 -9.283541659575387683e+00
1.490885760000000060e+00 1.837098748546095095e+01
1.493200799999999884e+00 6.573242877600020506e+01
1.495515839999999930e+00 4.744648951380715118e+01
1.497830879999999976e+00 5.362140017195531527e+01
1.500145920000000022e+00 7.851206480828173540e+01
1.502460960000000068e+00 2.181206865486208812e+01
1.504775999999999891e+00 3.737367824107491288e+01
1.507091039999999937e+00 8.390119227909465849e+01
1.509406079999999983e+00 8.609829504613460927e+01
1.511721120000000029e+00 8.284457742867346042e+00
1.514036160000000075e+00 -9.027487464720106658e+00
1.516351199999999899e+00 -5.626997864502936153e+00
1.518666239999999945e+00 -3.203744700540113399e+01
1.520981279999999991e+00 4.415122671041692115e+01
1.523296320000000037e+00 1.204309506752954775e+02
1.525611360000000083e+00 9.590616563881104639e+01
1.527926399999999907e+00 5.620117577944085951e-01
1.530241439999999953e+00 -8.349245757744863283e+01
1.532556479999999999e+00 -8.385059702575662754e+01
1.534871520000000045e+00 -3.747049618427865880e+00
1.537186560000000091e+00 6.287738368176106007e+01
1.539501599999999915e+00 5.768719937745112958e+01
1.541816639999999961e+00 4.006156599513736438e+01
1.544131680000000006e+00 3.065044429312185770e+01
1.546446720000000052e+00 -2.792461307372973067e+01
1.548761759999999876e+00 1.606543369819058142e+01
1.551076799999999922e+00 1.505333531125567958e+01
1.553391839999999968e+00 2.980942981415299187e+01
1.555706880000000014e+00 4.352346023970679312e+01
1.558021920000000060e+00 3.421445496115046581e+01
1.560336959999999884e+00 -5.636285339974307362e-01
1.562651999999999930e+00 3.050015805834566773e+00
1.564967039999999976e+00 4.237249335626909641e+01
1.567282080000000022e+00 4.861770986788007320e+01
1.569597120000000068e+00 -2.997989221973692509e+01
1.571912159999999892e+00 -7.579541842692027842e+01
1.574227199999999938e+00 -4.397420452675166302e+01
1.576542239999999984e+00 -7.855783302370262788e+01
1.578857280000000030e+00 -5.338755083629727238e+01
1.581172320000000076e+00 -1.727935967609082013e+01
1.583487359999999899e+00 -3.686503725368736895e+01
1.585802399999999945e+00 -9.185906689957067783e+01
1.588117439999999991e+00 -9.681424747692021526e+01
1.590432480000000037e+00 -1.444864435462711185e+02
1.592747520000000083e+00 -1.687619066924811477e+02
1.595062559999999907e+00 -1.644457990686283893e+02
1.597377599999999953e+00 -1.615304504746741827e+02
1.599692639999999999e+00 -1.657816637980572807e+02
1.602007680000000045e+00 -1.494077663644123106e+02
1.604322720000000091e+00 -1.440807831851526259e+02
1.606637759999999915e+00 -9.363467343019357259e+01
1.608952799999999961e+00 -4.407156361667969691e+01
1.611267840000000007e+00 -1.007293060964719444e+01
1.613582880000000053e+00 -4.886715147411572246e+01
1.615897919999999877e+00 -1.102511166822670532e+02
1.618212959999999923e+00 -7.993244166161630915e+01
1.620527999999999968e+00 -4.978378381089648030e+01
1.622843040000000014e+00 -1.396474930591654839e+01
1.625158080000000060e+00 5.638364627612075708e+01
1.627473119999999884e+00 2.460948440740231291e+01
1.629788159999999930e+00 -8.913447990346760719e+00
1.632103199999999976e+00 -4.932720881980019811e+01
1.634418240000000022e+00 4.702926545242711143e+00
1.636733280000000068e+00 2.840422652888929633e+01
1.639048319999999892e+00 8.262614077091205900e+01
1.641363359999999938e+00 1.204933525360954292e+02
1.643678399999999984e+00 6.445995499894513614e+01
1.645993440000000030e+00 5.764317335969749934e+00
1.648308480000000076e+00 6.248424656256139542e+01
1.650623519999999900e+00 1.309063042871393634e+02
1.652938559999999946e+00 1.826981582968962812e+02
1.655253599999999992e+00 2.370877652417031811e+02
1.657568640000000038e+00 1.517162661128200227e+02
1.659883680000000084e+00 2.013871316148424739e+00
1.662198719999999907e+00 -3.860869568844404398e+01
1.664513759999999953e+00 -1.121085135859257420e+01
1.666828799999999999e+00 8.366980699284628997e+01
1.669143840000000045e+00 1.339927042841184459e+02
1.671458880000000091e+00 8.255863934333771681e+01
1.673773919999999915e+00 1.077066272430546690e+01
1.676088959999999961e+00 -7.092894107818690941e+01
1.678404000000000007e+00 -4.020328356499262412e+01
1.680719040000000053e+00 4.812290774913061853e+01
1.683034079999999877e+00 1.182383515318573757e+02
1.685349119999999923e+00 1.413094738260697909e+02
1.687664159999999969e+00 8.813282502523583162e+01
1.689979200000000015e+00 5.139872208491397032e+00
1.692294240000000061e+00 -5.711882629731945826e+01
1.694609279999999885e+00 2.239156505560248434e+01
1.696924319999999931e+00 8.622425872641983347e+01
1.699239359999999976e+00 1.338281120700925726e+02
1.701554400000000022e+00 8.461036583535477007e+01
1.703869440000000068e+00 -2.376578825975991549e+01
1.706184479999999892e+00 -3.274487393403182978e+01
1.708499519999999938e+00 1.313401296797557904e+01
1.710814559999999984e+00 3.134245869193252076e+01
1.713129600000000030e+00 7.757672433291847369e+01
1.715444640000000076e+00 8.357905641854183898e+01
1.717759679999999900e+00 -3.246648936444046285e+00
1.720074719999999946e+00 -3.948865409301868112e+01
1.722389759999999992e+00 -1.961833474561019841e+01
1.724704800000000038e+00 4.849186579680210230e+01
1.727019840000000084e+00 -1.889041380851374186e+00
1.729334879999999908e+00 -3.919563027270037736e+01
1.731649919999999954e+00 -8.713524377904413143e+01
1.733964960000000000e+00 -1.231508886150865862e+02
1.736280000000000046e+00 -1.343977995621483501e+02
1.738595040000000091e+00 -5.324558509609384771e+01
1.740910079999999915e+00 -4.524674924926058139e+01
1.743225119999999961e+00 -4.906329386287111305e+01
1.745540160000000007e+00 -1.498696404069493582e+01
1.747855200000000053e+00 -3.562018707448739718e+00
1.750170239999999877e+00 -4.905841203777194437e+01
1.752485279999999923e+00 -3.211568056750166278e+01
1.754800319999999969e+00 2.054228695508371061e+01
1.757115360000000015e+00 2.590504440526134289e+01
1.759430400000000061e+00 1.483989177263095804e+01
1.761745439999999885e+00 7.852220615941937432e+00
1.764060479999999931e+00 -4.789299597157764765e+01
1.766375519999999977e+00 -3.570501864005957771e+01
1.768690560000000023e+00 2.926455350297507607e+01
1.771005600000000069e+00 1.035418746791122402e+01
1.773320639999999893e+00 -3.170024137719246227e+01
1.775635679999999939e+00 -3.461694822261441118e+01
1.777950719999999984e+00 -6.115914095212563950e+01
1.780265760000000030e+00 -7.582433335779310823e+01
1.782580800000000076e+00 -6.141659973405675998e+01
1.784895839999999900e+00 -8.349535362864671129e+00
1.787210879999999946e+00 -1.470539927465358510e+01
1.789525919999999992e+00 -6.598587650352190792e+01
1.791840960000000038e+00 -7.915657628927708345e+01
1.794156000000000084e+00 -9.946506268994991729e+01
1.796471039999999908e+00 -1.162598379209352828e+02
1.798786079999999954e+00 -6.385912254900514284e+01
1.801101120000000000e+00 -5.170300763290163815e+01
1.803416160000000046e+00 -1.008161418501745459e+02
1.805731200000000092e+00 -1.091518389342243438e+02
1.808046239999999916e+00 -1.023837454831850806e+02
1.810361279999999962e+00 -7.063834859130264476e+01
1.812676320000000008e+00 1.601696931487893494e+00
1.814991360000000054e+00 4.324849520854822771e+01
1.817306399999999877e+00 -2.758900443678820125e+01
1.819621439999999923e+00 1.584419097443969804e-01
1.821936479999999969e+00 1.067776511387117999e+01
1.824251520000000015e+00 2.276522895107903466e+01
1.826566560000000061e+00 9.250980194098204379e+01
1.828881599999999885e+00 1.333723862514974599e+02
1.831196639999999931e+00 1.388503285496125272e+02
1.833511679999999977e+00 8.710964554666155379e+01
1.835826720000000023e+00 6.615290709964105531e+01
1.838141760000000069e+00 1.113992644239462493e+02
1.840456799999999893e+00 2.014581368406471711e+02
1.842771839999999939e+00 3.140250248710328833e+02
1.845086879999999985e+00 3.302180242549679292e+02
1.847401920000000031e+00 2.221103646020749807e+02
1.849716960000000077e+00 7.451165645495294143e+01
1.852031999999999901e+00 6.854749030522046382e+01
1.854347039999999947e+00 1.824043146042021704e+02
1.856662079999999992e+00 2.674139315729991040e+02
1.858977120000000038e+00 2.822791357750696193e+02
1.861292160000000084e+00 2.348841403194924737e+02
1.863607199999999908e+00 1.225078141504135516e+02
1.865922239999999954e+00 5.937952149650733702e+01
1.868237280000000000e+00 9.786660467558297682e+01
1.870552320000000046e+00 1.985770582794740449e+02
1.872867360000000092e+00 2.284700216438243388e+02
1.875182399999999916e+00 1.749983266966300732e+02
1.877497439999999962e+00 6.760376680967425500e+01
1.879812480000000008e+00 2.297748771970400128e+01
1.882127520000000054e+00 6.049157205946385574e+01
1.884442559999999878e+00 1.465692902515219203e+02
1.886757599999999924e+00 2.344280638176929585e+02
1.889072639999999970e+00 2.400616124571282626e+02
1.891387680000000016e+00 1.328954631313979462e+02
1.893702720000000062e+00 4.008676893391211138e+01
1.896017759999999885e+00 3.500158087716339850e+01
1.898332799999999931e+00 1.206051860185240514e+02
1.900647839999999977e+00 3.000456432946776886e+02
1.902962880000000023e+00 2.957303815919593148e+02
1.905277920000000069e+00 2.005441778338814061e+02
1.907592959999999893e+00 9.923883304203347677e+01
1.909907999999999939e+00 8.184018223229685418e+01
1.912223039999999985e+00 1.608688000904493833e+02
1.914538080000000031e+00 1.592745513934578696e+02
1.916853120000000077e+00 2.031091387309475067e+02
1.919168159999999901e+00 1.883739636019732870e+02
1.921483199999999947e+00 8.770279546856652075e+01
1.923798239999999993e+00 2.070294503784509743e+01
1.926113280000000039e+00 1.053056426172078233e+02
1.928428320000000085e+00 1.960336716340477778e+02
1.930743359999999909e+00 1.615463847425062909e+02
1.933058399999999954e+00 1.447132907347615003e+02
1.935373440000000000e+00 1.123386161296277237e+02
1.937688480000000046e+00 3.769138535978095206e+01
1.940003520000000092e+00 1.119000359713857478e+02
1.942318559999999916e+00 2.413389321998817252e+02
1.944633599999999962e+00 1.700292173114649472e+02
1.946948640000000008e+00 1.006801977512367188e+02
1.949263680000000054e+00 2.429811714767720332e+01
1.951578719999999878e+00 -2.267260672864636462e+01
1.953893759999999924e+00 -2.290088225669369493e+01
1.956208799999999970e+00 4.446222668022736002e+01
1.958523840000000016e+00 9.475911038294815114e+01
1.960838880000000062e+00 5.159301299051107748e+01
1.963153919999999886e+00 -3.433897433098714203e+00
1.965468959999999932e+00 -6.796771090085199774e+01
1.967783999999999978e+00 -8.635796940507145791e+01
1.970099040000000024e+00 -5.341131421147385794e+01
1.972414080000000070e+00 7.430590038175641610e+01
1.974729119999999893e+00 1.179671155351612413e+02
1.977044159999999939e+00 3.707126122138271285e+01
1.979359199999999985e+00 -1.840410453889556663e+01
1.981674240000000031e+00 -8.290657743413778746e+01
1.983989280000000077e+00 -6.075304650255949923e+01
1.986304319999999901e+00 -5.580456298981795982e+01
1.988619359999999947e+00 1.498565123653412456e+01
1.990934399999999993e+00 -2.099681232989710367e+01
1.993249440000000039e+00 -7.989891416390824475e+01
1.995564480000000085e+00 -1.372009433715966225e+02
1.997879519999999909e+00 -1.614229000692184854e+02
2.000194560000000177e+00 -1.945521863943140204e+02
2.002509599999999779e+00 -1.594034527062909774e+02
2.004824639999999825e+00 -1.374774828800359501e+02
2.007139679999999871e+00 -1.677526634494564632e+02
2.009454719999999917e+00 -2.085604113988281085e+02
2.011769759999999962e+00 -2.034574709424632317e+02
2.014084800000000008e+00 -1.548884715156027312e+02
2.016399840000000054e+00 -7.841443564410255362e+01
2.018714880000000100e+00 -6.882770903406158425e+01
2.021029920000000146e+00 -1.096338392194708007e+02
2.023344960000000192e+00 -1.563591126003066449e+02
2.025659999999999794e+00 -1.662475171263023412e+02
2.027975039999999840e+00 -8.374714416155646290e+01
2.030290079999999886e+00 -1.684255046889983021e+01
2.032605119999999932e+00 6.840842666414371820e+01
2.034920159999999978e+00 1.809175175767568078e+01
2.037235200000000024e+00 -7.285968619073072716e+01
2.039550240000000070e+00 -8.831363077699515429e+01
2.041865280000000116e+00 -2.327822517410184844e+01
2.044180320000000162e+00 9.808752703901971870e+01
2.046495359999999764e+00 1.630541827326119915e+02
2.048810399999999809e+00 1.555867274490499028e+02
2.051125439999999855e+00 9.691219388283172975e+00
2.053440479999999901e+00 -6.859094580184799383e+01
2.055755519999999947e+00 -5.281726414513690315e+01
2.058070559999999993e+00 5.512250299983618618e+01
2.060385600000000039e+00 1.054178800481248715e+02
2.062700640000000085e+00 1.736805558354825507e+02
2.065015680000000131e+00 5.250335847460836192e+01
2.067330720000000177e+00 -8.148396614862852516e+01
2.069645759999999779e+00 -5.728223386876324952e+01
2.071960799999999825e+00 1.097618407095991699e+01
2.074275839999999871e+00 1.081337654772152916e+02
2.076590879999999917e+00 1.417324678282726325e+02
2.078905919999999963e+00 9.987746182042738496e+01
2.081220960000000009e+00 -1.032148279662779089e+01
2.083536000000000055e+00 -7.711353843758456605e+01
2.085851040000000101e+00 -3.346406499210197438e+01
2.088166080000000147e+00 9.637611940112833508e+00
2.090481120000000193e+00 4.992228955250497791e+01
2.092796159999999794e+00 9.849817309050642677e+00
2.095111199999999840e+00 -4.120671310768038609e+01
2.097426239999999886e+00 -6.484294771116535117e+01
2.099741279999999932e+00 -4.471210714977345901e+01
2.102056319999999978e+00 -8.476273076919937921e+00
2.104371360000000024e+00 4.433733535815398596e+01
2.106686400000000070e+00 4.986232996989122057e+01
2.109001440000000116e+00 2.284047552717590790e+01
2.111316480000000162e+00 -2.029511754078590968e+00
2.113631519999999764e+00 -2.669706584664262294e+01
2.115946559999999810e+00 -1.037350460299133914e+00
2.118261599999999856e+00 -1.512308589500691447e+01
2.120576639999999902e+00 -6.344562550767932407e+00
2.122891679999999948e+00 2.710808471834855027e+01
2.125206719999999994e+00 -3.129978635651448826e+01
2.127521760000000040e+00 -5.799157583096589264e+01
2.129836800000000085e+00 -8.407586236967688365e+00
2.132151840000000131e+00 2.422122699166603610e+01
2.134466880000000177e+00 -3.109531976725772751e+00
2.136781919999999779e+00 -6.098398721643083320e+01
2.139096959999999825e+00 -1.009522833070064962e+02
2.141411999999999871e+00 -1.182948174235148997e+02
2.143727039999999917e+00 -8.181651557623143844e+01
2.146042079999999963e+00 -2.388057110553323525e+01
2.148357120000000009e+00 -6.239810096906299464e+01
2.150672160000000055e+00 -8.924303896692507010e+01
2.152987200000000101e+00 -6.348526025646208382e+01
2.155302240000000147e+00 -6.168187776080857532e+01
2.157617280000000193e+00 -7.585744050918066250e+01
2.159932319999999795e+00 -3.703560834258496470e+00
2.162247359999999841e+00 4.102869689215192039e+01
2.164562399999999887e+00 2.855465476003575276e+01
2.166877439999999932e+00 2.752274078748448716e+01
2.169192479999999978e+00 -1.821094724373173790e+01
2.171507520000000024e+00 -5.170838163863970038e+01
2.173822560000000070e+00 -3.349878946423476123e+01
2.176137600000000116e+00 3.025845990082530790e+01
2.178452640000000162e+00 4.006528180847937648e+01
2.180767679999999764e+00 7.095281743164996158e+00
2.183082719999999810e+00 -2.178561269095001407e+01
2.185397759999999856e+00 -3.556063866749970259e+01
2.187712799999999902e+00 -4.492971892545798340e+01
2.190027839999999948e+00 -6.530259775556567092e+01
2.192342879999999994e+00 -4.528574631504173453e+01
2.194657920000000040e+00 -4.370470773088292304e+01
2.196972960000000086e+00 -8.793050640067588120e+01
2.199288000000000132e+00 -1.385032850006191438e+02
2.201603040000000178e+00 -1.484737708785131929e+02
2.203918079999999780e+00 -1.598956601701526949e+02
2.206233119999999825e+00 -1.553220766139163800e+02
2.208548159999999871e+00 -1.793776504605408206e+02
2.210863199999999917e+00 -2.363365458492844482e+02
2.213178239999999963e+00 -2.348801964800615565e+02
2.215493280000000009e+00 -1.907511825698079235e+02
2.217808320000000055e+00 -9.689915474753570379e+01
2.220123360000000101e+00 -8.103331637079568850e+01
2.222438400000000147e+00 -8.721779904692924390e+01
2.224753440000000193e+00 -9.476861981448952577e+01
2.227068479999999795e+00 -9.597336589609963653e+01
2.229383519999999841e+00 -7.503382710365876562e+01
2.231698559999999887e+00 -9.402632786660947772e+01
2.234013599999999933e+00 -3.791186660401758957e+01
2.236328639999999979e+00 1.218619336641977213e+01
2.238643680000000025e+00 -2.652676105407314111e+01
2.240958720000000071e+00 -7.598627734403135037e+01
2.243273760000000117e+00 -5.477816142663819221e+01
2.245588800000000163e+00 -2.915089790168813622e+01
2.247903839999999764e+00 3.066992674964753007e+01
2.250218879999999810e+00 1.255300000994847238e+02
2.252533919999999856e+00 9.143672401813495298e+01
2.254848959999999902e+00 -6.134287019800325425e+00
2.257163999999999948e+00 9.190274769641058938e+00
2.259479039999999994e+00 7.262568721941332228e+01
2.261794080000000040e+00 1.564456531889723578e+02
2.264109120000000086e+00 1.481459213774894863e+02
2.266424160000000132e+00 1.274478510393477677e+02
2.268739200000000178e+00 7.951994217991358482e+01
2.271054239999999780e+00 2.481363074396116986e+01
2.273369279999999826e+00 4.420887045343404509e+01
2.275684319999999872e+00 1.105573618810079353e+02
2.277999359999999918e+00 1.365234818092293381e+02
2.280314399999999964e+00 1.299142863595514541e+02
2.282629440000000010e+00 6.028578006035856163e+01
2.284944480000000055e+00 6.741460543401039729e+00
2.287259520000000101e+00 -8.389893007650890411e+00
2.289574560000000147e+00 2.620292548251929787e+01
2.291889600000000193e+00 1.031414515766931856e+02
2.294204639999999795e+00 1.119354237615711298e+02
2.296519679999999841e+00 1.448964842586166526e+02
2.298834719999999887e+00 4.456797831255323672e+01
2.301149759999999933e+00 1.107370011570284873e+01
2.303464799999999979e+00 2.100162574546806127e+01
2.305779840000000025e+00 2.655801011485782581e+01
2.308094880000000071e+00 5.098351296761012463e+01
2.310409920000000117e+00 5.593986653389739416e+01
2.312724960000000163e+00 1.214234772276373775e+01
2.315039999999999765e+00 -6.811260467211777581e+00
2.317355039999999811e+00 3.501900036106039948e+01
2.319670079999999857e+00 8.598922405716660933e+01
2.321985119999999903e+00 1.017746108063856241e+02
2.324300159999999948e+00 5.448805403167336436e+01
2.326615199999999994e+00 1.068439214488191169e+01
2.328930240000000040e+00 -1.169508594373393251e+01
2.331245280000000086e+00 -3.419628447495046686e+01
2.333560320000000132e+00 3.069158542612700558e+01
2.335875360000000178e+00 7.783357425227197268e+01
2.338190399999999780e+00 4.823385813224986407e+01
2.340505439999999826e+00 2.026103954733532930e+01
2.342820479999999872e+00 -2.110143419862023251e+01
2.345135519999999918e+00 -7.288253848318882433e+01
2.347450559999999964e+00 -4.459322693937502891e+01
2.349765600000000010e+00 1.496959249990646867e+01
2.352080640000000056e+00 2.864364776701855675e+01
2.354395680000000102e+00 -2.863094379676391554e+01
2.356710720000000148e+00 -2.506407874207173592e+01
2.359025760000000194e+00 -3.653092032750176088e+01
2.361340799999999795e+00 -1.693805458529713093e+01
2.363655839999999841e+00 9.144450636173654345e+01
2.365970879999999887e+00 1.002365960988877163e+02
2.368285919999999933e+00 7.241681653284425124e+01
2.370600959999999979e+00 4.912291899489670755e+01
2.372916000000000025e+00 2.785446913040466654e+00
2.375231040000000071e+00 -3.795281721663148033e+01
2.377546080000000117e+00 -1.093071942413241260e+01
2.379861120000000163e+00 7.046195635413320701e+01
2.382176159999999765e+00 1.022298198509531630e+02
2.384491199999999811e+00 1.048894733718867656e+00
2.386806239999999857e+00 -1.522788858421714764e+01
2.389121279999999903e+00 -4.360811228612804769e+01
2.391436319999999949e+00 -6.640472078048195215e+01
2.393751359999999995e+00 -5.287323163152848338e-01
2.396066400000000041e+00 6.049040960499579178e+00
2.398381440000000087e+00 -1.464621340266338123e+01
2.400696480000000133e+00 -8.317154774628708935e+01
2.403011520000000178e+00 -8.059522413486406833e+01
2.405326559999999780e+00 -7.949856284659087180e+01
2.407641599999999826e+00 -7.217657705632427678e+01
2.409956639999999872e+00 -7.222608698788096149e+01
2.412271679999999918e+00 -1.010282840802436084e+02
2.414586719999999964e+00 -1.026402252897185718e+02
2.416901760000000010e+00 -6.875562783842164549e+01
2.419216800000000056e+00 -3.578988104874841270e+01
2.421531840000000102e+00 2.537830985354254665e+00
2.423846880000000148e+00 1.135688603447619016e+02
2.426161920000000194e+00 1.300574530342575486e+02
2.428476959999999796e+00 4.103459308383628468e+01
2.430791999999999842e+00 -9.005856830259837409e+00
2.433107039999999888e+00 8.061988807319454509e+01
2.435422079999999934e+00 1.707060193959241587e+02
2.437737119999999980e+00 2.433752891865064782e+02
2.440052160000000026e+00 2.438677861048170428e+02
2.442367200000000071e+00 1.573407051330597142e+02
2.444682240000000117e+00 7.538346309113430266e+01
2.446997280000000163e+00 3.754608870523024677e+01
2.449312319999999765e+00 1.226775552459192511e+02
2.451627359999999811e+00 1.918905351660091014e+02
2.453942399999999857e+00 2.637515385381553870e+02
2.456257439999999903e+00 2.473648192495847411e+02
2.458572479999999949e+00 9.936956322351036874e+01
2.460887519999999995e+00 8.063704790025698799e+01
2.463202560000000041e+00 1.665332020271279418e+02
2.465517600000000087e+00 3.239699516493897136e+02
2.467832640000000133e+00 2.876824246632927498e+02
2.470147680000000179e+00 2.898039102765790176e+02
2.472462719999999781e+00 1.729475722954425123e+02
2.474777759999999827e+00 4.392692040829746247e+01
2.477092799999999873e+00 3.489306322564927143e+01
2.479407839999999918e+00 2.054951746428826596e+02
2.481722879999999964e+00 3.162031513163200316e+02
2.484037920000000010e+00 3.223520573016134563e+02
2.486352960000000056e+00 1.835093658093036311e+02
2.488668000000000102e+00 5.952862271830919383e+01
2.490983040000000148e+00 4.124263034297433705e+01
2.493298080000000194e+00 1.013532868895458421e+02
2.495613119999999796e+00 1.741160044869467924e+02
2.497928159999999842e+00 2.942179923797497736e+02
2.500243199999999888e+00 2.508514813192173847e+02
2.502558239999999934e+00 1.773358537194125120e+02
2.504873279999999980e+00 7.396675035151129407e+01
2.507188320000000026e+00 5.968279564251476899e+01
2.509503360000000072e+00 1.245870282807627234e+02
2.511818400000000118e+00 1.111293569125286922e+02
2.514133440000000164e+00 1.316083820271309435e+02
2.516448479999999766e+00 9.930243740845449452e+01
2.518763519999999811e+00 6.638180042712362194e+01
2.521078559999999857e+00 5.851685348742965687e+01
2.523393599999999903e+00 1.154165941022732511e+02
2.525708639999999949e+00 1.124156229528457800e+02
2.528023679999999995e+00 1.697324670289256119e+02
2.530338720000000041e+00 1.405602353424167461e+02
2.532653760000000087e+00 1.003322496451146009e+02
2.534968800000000133e+00 4.054206834717214747e+01
2.537283840000000179e+00 1.127223987320318201e+02
2.539598879999999781e+00 6.004797407736369763e+01
2.541913919999999827e+00 1.384175005400415870e+01
2.544228959999999873e+00 4.233793860489942773e+00
2.546543999999999919e+00 -1.966108315475541346e+01
2.548859039999999965e+00 -9.038275065464091540e+00
2.551174080000000011e+00 2.588524889467306167e+01
2.553489120000000057e+00 9.513329203826189939e+01
2.555804160000000103e+00 1.224179930272597971e+02
2.558119200000000149e+00 9.857660340720077841e+01
2.560434240000000194e+00 6.566924797464361063e+01
2.562749279999999796e+00 4.677722374200730826e+01
2.565064319999999842e+00 -1.897914126006065771e+01
2.567379359999999888e+00 3.860247186395557151e+01
2.569694399999999934e+00 7.329411711341988678e+01
2.572009439999999980e+00 7.772707209414733143e+00
2.574324480000000026e+00 1.274862146244987748e+01
2.576639520000000072e+00 3.500849754056828189e+00
2.578954560000000118e+00 -7.159873175263200551e+00
2.581269600000000164e+00 -6.099113654338255586e+00
2.583584639999999766e+00 6.005188374973201348e+00
2.585899679999999812e+00 -1.572994212848778517e+01
2.588214719999999858e+00 -5.893699205668031027e+01
2.590529759999999904e+00 -8.000310637464546915e+01
2.592844799999999950e+00 -7.222505000335331715e+01
2.595159839999999996e+00 -1.041846727378279667e+02
2.597474880000000041e+00 -4.435487145725569746e+01
2.599789920000000087e+00 -5.983185149214603626e+01
2.602104960000000133e+00 -1.589486031726208068e+02
2.604420000000000179e+00 -2.095930323743505994e+02
2.606735039999999781e+00 -1.845544850189018291e+02
2.609050079999999827e+00 -1.788970456284070849e+02
2.611365119999999873e+00 -1.504795247465841896e+02
2.613680159999999919e+00 -1.611272957156299981e+02
2.615995199999999965e+00 -1.604667838117177610e+02
2.618310240000000011e+00 -1.954051585063505456e+02
2.620625280000000057e+00 -1.499022478660262152e+02
2.622940320000000103e+00 -1.087176769087704429e+02
2.625255360000000149e+00 -2.619981449582672894e+01
2.627570400000000195e+00 -2.897565138538254814e+00
2.629885439999999797e+00 -9.076858865349002770e+01
2.632200479999999843e+00 -1.310846810402510130e+02
2.634515519999999889e+00 -6.430681151716228783e+01
2.636830559999999934e+00 -1.737662729175591636e+01
2.639145599999999980e+00 5.529658972425536945e+01
2.641460640000000026e+00 7.448915019392524073e+01
2.643775680000000072e+00 5.610555656804493196e+01
2.646090720000000118e+00 -5.507832585977713791e+01
2.648405760000000164e+00 -7.499428356185674716e+01
2.650720799999999766e+00 5.500733344313817952e+01
2.653035839999999812e+00 1.172660234997033086e+02
2.655350879999999858e+00 1.755950119074393569e+02
2.657665919999999904e+00 1.766329886387508168e+02
2.659980959999999950e+00 7.341468438319994050e+01
2.662295999999999996e+00 -4.722863991864159061e+01
2.664611040000000042e+00 -4.015221284067585117e+01
2.666926080000000088e+00 6.120822204964532887e+00
2.669241120000000134e+00 9.437443779339496075e+01
2.671556160000000180e+00 1.042193175434788515e+02
2.673871199999999781e+00 7.698621291611559059e+01
2.676186239999999827e+00 -1.804031034892159369e+01
2.678501279999999873e+00 -5.155779832499046478e+01
2.680816319999999919e+00 9.771290980895621203e+00
2.683131359999999965e+00 8.479234717370589181e+01
2.685446400000000011e+00 1.103100681372208527e+02
2.687761440000000057e+00 8.670734003206482043e+01
2.690076480000000103e+00 7.234674035107781265e+01
2.692391520000000149e+00 -2.305756826539379745e+00
2.694706560000000195e+00 2.552439538205739566e+01
2.697021599999999797e+00 9.860471169965707361e+01
2.699336639999999843e+00 1.102222183572009158e+02
2.701651679999999889e+00 1.654544630160214069e+02
2.703966719999999935e+00 9.096436335331868861e+01
2.706281759999999981e+00 2.111529667686127709e+01
2.708596800000000027e+00 -1.333473874928397152e+01
2.710911840000000073e+00 2.105419121731664944e+01
2.713226880000000119e+00 1.879619540697027702e+01
2.715541920000000164e+00 -6.526362609587827990e+00
2.717856959999999766e+00 -1.850594827279913801e+01
2.720171999999999812e+00 -3.308089211147223097e+01
2.722487039999999858e+00 -7.899054265388141971e+01
2.724802079999999904e+00 7.580953737612531995e+00
2.727117119999999950e+00 8.766514129011987677e+01
2.729432159999999996e+00 6.367129155728301981e+01
2.731747200000000042e+00 4.371996518166444901e+01
2.734062240000000088e+00 7.873026868130509115e+00
2.736377280000000134e+00 -3.130778300604139730e+01
2.738692320000000180e+00 -2.193638884859979044e+00
2.741007359999999782e+00 6.059473790265410997e+01
2.743322399999999828e+00 6.147540141297189109e+01
2.745637439999999874e+00 -1.631729617004873489e+01
2.747952479999999920e+00 -2.383817573974015147e+01
2.750267519999999966e+00 4.802868577594612276e+00
2.752582560000000012e+00 -1.941499126663078201e+01
2.754897600000000057e+00 5.952898628629826305e+01
2.757212640000000103e+00 1.415253481666323978e+02
2.759527680000000149e+00 9.175330474804289338e+01
2.761842720000000195e+00 -2.238745427117576980e+01
2.764157759999999797e+00 -5.099271196630384395e+01
2.766472799999999843e+00 -9.355270095266867258e+01
2.768787839999999889e+00 -4.618835287354018249e+01
2.771102879999999935e+00 1.396868717159809847e+01
2.773417919999999981e+00 1.446276768138675095e+01
2.775732960000000027e+00 -3.273506789407373674e+01
2.778048000000000073e+00 -1.014651389766149947e+01
2.780363040000000119e+00 -1.949735269000595395e+01
2.782678080000000165e+00 -5.822213311510727607e+01
2.784993119999999767e+00 -1.659562688241149431e+01
2.787308159999999813e+00 1.302000364172022273e+01
2.789623199999999859e+00 -2.157541488875774149e+01
2.791938239999999904e+00 -1.100220336734524196e+01
2.794253279999999950e+00 2.810934318181869784e+00
2.796568319999999996e+00 -5.611189962560747091e+01
2.798883360000000042e+00 -7.964933232964044407e+01
2.801198400000000088e+00 -6.354953808776508595e+01
2.803513440000000134e+00 -7.987208451990281333e+01
2.805828480000000180e+00 -1.056047041308637233e+02
2.808143519999999782e+00 -1.272315130403057708e+02
2.810458559999999828e+00 -8.656030843919050710e+01
2.812773599999999874e+00 -1.230610364631169062e+02
2.815088639999999920e+00 -1.231997518805854384e+02
2.817403679999999966e+00 -9.674949461250949412e+01
2.819718720000000012e+00 -1.350901324233647074e+02
2.822033760000000058e+00 -1.554615631976512873e+02
2.824348800000000104e+00 -9.814374352155675751e+01
2.826663840000000150e+00 -1.020677495437880253e+02
2.828978880000000196e+00 -4.061000883676074835e+01
2.831293919999999797e+00 1.074299876603087256e+01
2.833608959999999843e+00 -8.099179156995839435e+01
2.835923999999999889e+00 -1.126240581482779817e+02
2.838239039999999935e+00 -9.008246338453322721e+01
2.840554079999999981e+00 -2.945086784879465114e+01
2.842869120000000027e+00 7.236025338816668295e+01
2.845184160000000073e+00 1.286317165362127355e+02
2.847499200000000119e+00 8.088627882557368309e+01
2.849814240000000165e+00 4.734674715097317232e+01
2.852129279999999767e+00 2.670056430762656774e+01
2.854444319999999813e+00 7.637049063724408882e+01
2.856759359999999859e+00 1.178910999876431305e+02
2.859074399999999905e+00 1.311571828716638208e+02
2.861389439999999951e+00 1.190992469346661409e+02
2.863704479999999997e+00 2.312430411035686006e+01
2.866019520000000043e+00 -5.967602025539272859e+01
2.868334560000000089e+00 -2.445716765670847082e+01
2.870649600000000135e+00 3.620265250129095591e+01
2.872964640000000180e+00 1.144233249781336070e+02
2.875279679999999782e+00 1.194967364104406755e+02
2.877594719999999828e+00 1.306443709149547487e+02
2.879909759999999874e+00 4.216783681629057412e+01
2.882224799999999920e+00 -3.044284065178921139e+01
2.884539839999999966e+00 -3.321203501645987188e+01
2.886854880000000012e+00 4.147482222530342710e+01
2.889169920000000058e+00 1.120125276390128448e+02
2.891484960000000104e+00 1.313405304456657632e+02
2.893800000000000150e+00 8.295657844006522907e+01
2.896115040000000196e+00 -1.788399360545437844e+01
2.898430079999999798e+00 -4.772935613308321479e+01
2.900745119999999844e+00 4.381490159111477567e+01
2.903060159999999890e+00 8.587844416022480232e+01
2.905375199999999936e+00 1.061801334912056092e+02
2.907690239999999982e+00 3.845003702752741503e+01
2.910005280000000027e+00 -2.407331448439749266e+01
2.912320320000000073e+00 -1.858143822503693698e+01
2.914635360000000119e+00 2.203028344300343377e+01
2.916950400000000165e+00 2.891739563213460684e+01
2.919265439999999767e+00 7.958518769948049965e+00
2.921580479999999813e+00 -2.698626958365915485e+00
2.923895519999999859e+00 -3.945644639090484418e+01
2.926210559999999905e+00 -6.169588064164175023e+01
2.928525599999999951e+00 -2.596306976560794766e+01
2.930840639999999997e+00 -5.243639970365165937e-02
2.933155680000000043e+00 1.885608057833832163e+01
2.935470720000000089e+00 -8.598310346604876031e-01
2.937785760000000135e+00 -2.539029457643074039e+01
2.940100800000000181e+00 -4.794729608840084722e+01
2.942415839999999783e+00 3.372786494012174785e+00
2.944730879999999829e+00 4.984421609611933235e+01
2.947045919999999875e+00 3.159458866195703663e+01
2.949360959999999920e+00 -1.510905352609952246e+01
2.951675999999999966e+00 -2.794594416151101512e+01
2.953991040000000012e+00 -7.734132060763202787e+01
2.956306080000000058e+00 -3.708305873368801997e+01
2.958621120000000104e+00 5.961893971694529171e+01
2.960936160000000150e+00 8.185518473672266282e+01
2.963251200000000196e+00 3.793471619641237425e+01
2.965566239999999798e+00 1.735303117749570845e+01
2.967881279999999844e+00 2.991037002539197687e+01
2.970196319999999890e+00 1.719958465255550095e+01
2.972511359999999936e+00 1.428918209580132270e+01
2.974826399999999982e+00 6.198269888287050833e+01
2.977141440000000028e+00 7.352194934152255712e+01
2.979456480000000074e+00 1.613484161626388413e-01
2.981771520000000120e+00 -4.848231669832441071e+01
2.984086560000000166e+00 -1.037150555818277979e+02
2.986401599999999767e+00 -1.266746755710149870e+02
2.988716639999999813e+00 -3.947175992916010046e+01
2.991031679999999859e+00 -3.047773091740247153e+01
2.993346719999999905e+00 -8.628316911212866103e+01
2.995661759999999951e+00 -1.330339660603529239e+02
2.997976799999999997e+00 -1.148071567006688269e+02
3.000291840000000043e+00 -1.465237376599972379e+02
3.002606880000000089e+00 -1.205014971380166600e+02
3.004921920000000135e+00 -1.129158443720055942e+02
3.007236960000000181e+00 -1.579125534259913479e+02
3.009551999999999783e+00 -1.850526143529185958e+02
3.011867039999999829e+00 -1.806523629147234828e+02
3.014182079999999875e+00 -1.593124610038856872e+02
3.016497119999999921e+00 -1.591457981264502450e+02
3.018812159999999967e+00 -1.106990436225783014e+02
3.021127200000000013e+00 -1.370965176656269477e+02
3.023442240000000059e+00 -1.991588290445797611e+02
3.025757280000000105e+00 -2.333178822910852830e+02
3.028072320000000150e+00 -1.433902423014490637e+02
3.030387359999999752e+00 -3.616585623550754747e+01
3.032702399999999798e+00 6.063721775092788846e+01
3.035017439999999844e+00 2.963049766303740995e+01
3.037332479999999890e+00 -5.627312962383746253e+01
3.039647519999999936e+00 -1.090453819880517017e+02
3.041962559999999982e+00 -6.227982020342777503e+01
3.044277600000000028e+00 3.642550248100593535e+01
3.046592640000000074e+00 1.108423185050505850e+02
3.048907680000000120e+00 1.431890254646173730e+02
3.051222720000000166e+00 1.343724116753822102e+02
3.053537759999999768e+00 1.252588312216606425e+01
3.055852799999999814e+00 -5.545985895626987627e+00
3.058167839999999860e+00 2.906825638173326354e+01
3.060482879999999906e+00 1.402049548732143194e+02
3.062797919999999952e+00 1.482805676323334865e+02
3.065112959999999998e+00 1.023187021285688445e+02
3.067428000000000043e+00 3.739944437832357949e+01
3.069743040000000089e+00 -4.800653428849282989e+01
3.072058080000000135e+00 1.812824246334689349e+01
3.074373120000000181e+00 1.560377052993774214e+02
3.076688159999999783e+00 2.771120745418379556e+02
3.079003199999999829e+00 2.700685532855204656e+02
3.081318239999999875e+00 1.522993822175209289e+02
3.083633279999999921e+00 9.832369842447093333e+00
3.085948319999999967e+00 4.447250498417809617e+00
3.088263360000000013e+00 9.330986411004631975e+01
3.090578400000000059e+00 1.589655097472785883e+02
3.092893440000000105e+00 2.849630607137289076e+02
3.095208480000000151e+00 2.413916150544182528e+02
3.097523519999999753e+00 1.458793172926468742e+02
3.099838559999999799e+00 6.129396436436546480e+01
3.102153599999999845e+00 4.532270612894485851e+00
3.104468639999999890e+00 5.871974790582811465e+01
3.106783679999999936e+00 1.261058134839612279e+02
3.109098719999999982e+00 1.146125991925866714e+02
3.111413760000000028e+00 6.565244973969173259e+01
3.113728800000000074e+00 3.851173410221363724e+00
3.116043840000000120e+00 -1.064881238617918768e+01
3.118358880000000166e+00 9.397276855632787829e+01
3.120673919999999768e+00 1.347404793403011638e+02
3.122988959999999814e+00 1.102282658116357936e+02
3.125303999999999860e+00 4.445799669996540615e+01
3.127619039999999906e+00 3.386862816606367232e+00
3.129934079999999952e+00 -4.806915748728272320e+00
3.132249119999999998e+00 4.752817128845244099e+00
3.134564160000000044e+00 3.592838647259715401e+01
3.136879200000000090e+00 2.142289231457235843e+01
3.139194240000000136e+00 2.028024731529444225e+01
3.141509280000000182e+00 -1.680514120256103183e+01
3.143824319999999783e+00 -6.580732702339193452e+01
3.146139359999999829e+00 -2.336791042738163071e+00
3.148454399999999875e+00 1.531556300707491047e+01
3.150769439999999921e+00 6.194339304685563263e-01
3.153084479999999967e+00 -3.878165956600439301e+01
3.155399520000000013e+00 -8.264828311672926020e+01
3.157714560000000059e+00 -1.012770234211083817e+02
3.160029600000000105e+00 -8.373615766728113385e+01
3.162344640000000151e+00 6.780187534880738554e+00
3.164659679999999753e+00 4.534823386297858860e+01
3.166974719999999799e+00 -1.411503347407615649e+01
3.169289759999999845e+00 -1.065431950945758288e+01
3.171604799999999891e+00 -6.010497755200162118e+01
3.173919839999999937e+00 -5.255863362989223475e+01
3.176234879999999983e+00 1.562806611262047340e+01
3.178549920000000029e+00 1.005327203522546000e+02
3.180864960000000075e+00 5.633466982217707653e+01
3.183180000000000121e+00 -6.882553467140120063e+00
3.185495040000000166e+00 -5.819528948304932214e+01
3.187810079999999768e+00 -8.705346711813838567e+01
3.190125119999999814e+00 -1.183185775118828644e+02
3.192440159999999860e+00 -1.700981190675935295e+01
3.194755199999999906e+00 -1.173411733773669674e+01
3.197070239999999952e+00 -6.304354228805362936e+01
3.199385279999999998e+00 -1.118604913862047852e+02
3.201700320000000044e+00 -1.097971271776635120e+02
3.204015360000000090e+00 -1.405712758153392201e+02
3.206330400000000136e+00 -1.244025795849516527e+02
3.208645440000000182e+00 -1.218538639306016194e+02
3.210960479999999784e+00 -1.583820465961081254e+02
3.213275519999999830e+00 -1.782799675749025994e+02
3.215590559999999876e+00 -1.827467523147526549e+02
3.217905599999999922e+00 -1.677757121714192579e+02
3.220220639999999968e+00 -1.786607386307832996e+02
3.222535680000000013e+00 -1.433519679956463051e+02
3.224850720000000059e+00 -1.589557931490849967e+02
3.227165760000000105e+00 -1.843390897471160486e+02
3.229480800000000151e+00 -1.822485365578556582e+02
3.231795839999999753e+00 -1.219109416183385690e+02
3.234110879999999799e+00 -1.491526786937507154e+01
3.236425919999999845e+00 4.519660834109075864e+01
3.238740959999999891e+00 2.015550856481733533e+01
3.241055999999999937e+00 -6.097155652044504848e+01
3.243371039999999983e+00 -8.919411649318772106e+01
3.245686080000000029e+00 -6.682655360063543526e+01
3.248001120000000075e+00 -1.552244833743468178e+01
3.250316160000000121e+00 8.909051779882939570e+01
3.252631200000000167e+00 1.020912482636736200e+02
3.254946239999999769e+00 -1.658366762445585607e+01
3.257261279999999815e+00 -9.622044628951911704e+01
3.259576319999999860e+00 -6.022842030742367569e+01
3.261891359999999906e+00 -2.137921618511888511e+01
3.264206399999999952e+00 5.577242016915164413e+01
3.266521439999999998e+00 1.263086038993965019e+02
3.268836480000000044e+00 7.668893875488370782e+01
3.271151520000000090e+00 7.003398595182218855e+00
3.273466560000000136e+00 -8.318974969417711307e+00
3.275781600000000182e+00 6.377869437754904425e+01
3.278096639999999784e+00 1.620750403241201241e+02
3.280411679999999830e+00 1.803770648045308178e+02
3.282726719999999876e+00 1.969351752839879168e+02
3.285041759999999922e+00 6.417053389473903735e+01
3.287356799999999968e+00 -1.690817245234423183e+01
3.289671840000000014e+00 -2.606177725259703593e+01
3.291986880000000060e+00 5.196017868762879743e+00
3.294301920000000106e+00 6.585916966560071728e+01
3.296616960000000152e+00 4.686614113707766194e+01
3.298931999999999753e+00 2.000721417262159463e+01
3.301247039999999799e+00 -9.202283527542734021e+01
3.303562079999999845e+00 -1.177372424926158345e+02
3.305877119999999891e+00 -5.626825770735815269e+01
3.308192159999999937e+00 -2.983325405728396618e+01
3.310507199999999983e+00 -1.637784101953826621e+01
3.312822240000000029e+00 4.359557513511884252e+00
3.315137280000000075e+00 -4.266225057870848048e+01
3.317452320000000121e+00 -4.493766201327565568e+01
3.319767360000000167e+00 -6.674424768890338555e+01
3.322082399999999769e+00 -1.916139890229949572e+01
3.324397439999999815e+00 -2.767941731017482709e+01
3.326712479999999861e+00 -2.909394842413915683e+01
3.329027519999999907e+00 -4.955379108147411671e+01
3.331342559999999953e+00 -2.351566173148749428e+01
3.333657599999999999e+00 -5.634147408307111249e+01
3.335972640000000045e+00 -1.332504602393981941e+01
3.338287680000000091e+00 3.292826968375713648e+01
3.340602720000000136e+00 3.638225281116969967e+00
3.342917760000000182e+00 -3.633317529034158611e+01
3.345232799999999784e+00 -8.952127080246387436e+01
3.347547839999999830e+00 -6.811211889485380766e+01
3.349862879999999876e+00 -1.118136210576297174e+01
3.352177919999999922e+00 2.766116278394612493e-01
3.354492959999999968e+00 -2.527905454630846194e+01
3.356808000000000014e+00 -5.298209778418694782e+01
3.359123040000000060e+00 -8.146548558345403990e+01
3.361438080000000106e+00 -9.709838163170300618e+01
3.363753120000000152e+00 -6.437659975550795366e+01
3.366068159999999754e+00 -2.919183138057414340e+01
3.368383199999999800e+00 -5.295130637992144074e+01
3.370698239999999846e+00 -2.849279088316516351e+01
3.373013279999999892e+00 -2.798294691092718978e+01
3.375328319999999938e+00 -4.587952240221889610e+01
3.377643359999999984e+00 -7.062410291948174290e+01
3.379958400000000029e+00 -3.572264500657488639e+01
3.382273440000000075e+00 -4.203086577974102767e+01
3.384588480000000121e+00 -4.753764344307259648e+01
3.386903520000000167e+00 -9.119746261379528107e+01
3.389218559999999769e+00 -9.097532943218661217e+01
3.391533599999999815e+00 -1.063038345970194172e+02
3.393848639999999861e+00 -8.398258975146714533e+01
3.396163679999999907e+00 -5.701175763142091313e+01
3.398478719999999953e+00 -9.148886778697422528e+01
3.400793759999999999e+00 -9.773196250545251473e+01
3.403108800000000045e+00 -8.914657445774973610e+01
3.405423840000000091e+00 -1.138515677913383968e+02
3.407738880000000137e+00 -1.558348192169780759e+02
3.410053920000000183e+00 -1.231576317024725711e+02
3.412368959999999785e+00 -1.185919983172448298e+02
3.414683999999999831e+00 -1.434388390030668461e+02
3.416999039999999876e+00 -1.999632927621223644e+02
3.419314079999999922e+00 -2.048776460085845770e+02
3.421629119999999968e+00 -1.977639038605344979e+02
3.423944160000000014e+00 -1.682187171970043948e+02
3.426259200000000060e+00 -1.443963206660342564e+02
3.428574240000000106e+00 -1.712222999211713557e+02
3.430889280000000152e+00 -1.947949524969591266e+02
3.433204319999999754e+00 -1.842841149803518590e+02
3.435519359999999800e+00 -1.083966772822010540e+02
3.437834399999999846e+00 -2.052726736605450242e+01
3.440149439999999892e+00 2.013368859261127142e+01
3.442464479999999938e+00 -2.724377588252564664e+01
3.444779519999999984e+00 -1.006664578728120603e+02
3.447094560000000030e+00 -9.960875778549142012e+01
3.449409600000000076e+00 -6.359708061478380614e+01
3.451724640000000122e+00 2.757445644596103307e+00
3.454039680000000168e+00 3.553641304835660009e+01
3.456354719999999769e+00 1.075552639876543992e+01
3.458669759999999815e+00 -6.106364342877073170e+01
3.460984799999999861e+00 -7.093686937222871336e+01
3.463299839999999907e+00 -1.187023924252308404e+01
3.465614879999999953e+00 8.304577269352637359e+01
3.467929919999999999e+00 1.253130600699182935e+02
3.470244960000000045e+00 1.591196107053724802e+02
3.472560000000000091e+00 7.364087463856684224e+01
3.474875040000000137e+00 -2.859981025109829034e+01
3.477190080000000183e+00 -4.848615552711605403e+01
3.479505119999999785e+00 1.070290492746958932e+01
3.481820159999999831e+00 1.672788649490608179e+02
3.484135199999999877e+00 1.540202698390753824e+02
3.486450239999999923e+00 7.150045395499098788e+01
3.488765279999999969e+00 1.286268638542882314e+01
3.491080320000000015e+00 -3.766165791625083870e+01
3.493395360000000061e+00 -4.599453146441585716e+01
3.495710400000000107e+00 7.563591880183540184e+01
3.498025440000000152e+00 1.498040563180896356e+02
3.500340479999999754e+00 1.009936953939506026e+02
3.502655519999999800e+00 1.488913556321485032e+01
3.504970559999999846e+00 -7.588925928441875612e+01
3.507285599999999892e+00 -5.442764647718534832e+01
3.509600639999999938e+00 -5.289195862054228314e+00
3.511915679999999984e+00 6.347807189988508014e+01
3.514230720000000030e+00 5.291146748226557861e+01
3.516545760000000076e+00 9.837883083718898547e+01
3.518860800000000122e+00 9.408081865136935562e+00
3.521175840000000168e+00 -3.343586243317508178e+01
3.523490879999999770e+00 -1.907172510859206227e+01
3.525805919999999816e+00 5.618109307547324960e+00
3.528120959999999862e+00 2.585234849921670275e+01
3.530435999999999908e+00 2.482218549985702793e+01
3.532751039999999954e+00 -6.982251081969658912e+01
3.535066079999999999e+00 -7.709023941369189004e+01
3.537381120000000045e+00 -6.739274724994291432e+01
3.539696160000000091e+00 9.121113569978078317e+00
3.542011200000000137e+00 1.528746468935687730e+01
3.544326240000000183e+00 -5.271415401978475757e+01
3.546641279999999785e+00 -6.066507347902011560e+01
3.548956319999999831e+00 -6.953167548722940694e+01
3.551271359999999877e+00 -7.429983416357384840e+01
3.553586399999999923e+00 1.435412838813707026e+01
3.555901439999999969e+00 3.155505980381039421e+01
3.558216480000000015e+00 6.372726154618831629e+00
3.560531520000000061e+00 -1.653886059874368542e+01
3.562846560000000107e+00 -4.364371508414465950e+01
3.565161600000000153e+00 -6.635051814798683267e+01
3.567476639999999755e+00 1.706496387286613015e+01
3.569791679999999801e+00 8.636099378753195310e+01
3.572106719999999846e+00 9.207059858486772441e+01
3.574421759999999892e+00 7.026097956933168120e+01
3.576736799999999938e+00 6.442992888706442045e+01
3.579051839999999984e+00 2.819144230744043966e+01
3.581366880000000030e+00 -1.348223266664491149e+01
3.583681920000000076e+00 4.417172547051260523e+01
3.585996960000000122e+00 7.793607455330689504e+01
3.588312000000000168e+00 1.169784116854612677e+02
3.590627039999999770e+00 3.395753234914471363e+01
3.592942079999999816e+00 5.244248778587599702e+01
3.595257119999999862e+00 4.918213698719092974e+00
3.597572159999999908e+00 2.845528685511569122e+01
3.599887199999999954e+00 8.075665381209353200e+01
3.602202240000000000e+00 5.777607441516399689e+01
3.604517280000000046e+00 1.526953103903237974e+01
3.606832320000000092e+00 -2.153876951890767799e+01
3.609147360000000138e+00 -5.868066568690659324e+01
3.611462400000000184e+00 -9.732776661498249382e+01
3.613777439999999785e+00 -7.724611112011498903e+01
3.616092479999999831e+00 -8.793187207501387093e+01
3.618407519999999877e+00 -1.538201305023986833e+02
3.620722559999999923e+00 -1.587348549661202526e+02
3.623037599999999969e+00 -1.055861112017214936e+02
3.625352640000000015e+00 -7.221593859713502184e+01
3.627667680000000061e+00 -4.692006520842915052e+01
3.629982720000000107e+00 -7.611044069624199437e+01
3.632297760000000153e+00 -1.191962237572530228e+02
3.634612799999999755e+00 -1.505223569502243777e+02
3.636927839999999801e+00 -9.962590630642112899e+01
3.639242879999999847e+00 -3.254517249518116273e+00
3.641557919999999893e+00 7.128257682730422573e+01
3.643872959999999939e+00 8.560408698543324135e+01
3.646187999999999985e+00 -2.056697804590902479e+01
3.648503040000000031e+00 -9.784554637872723504e+01
3.650818080000000077e+00 -1.007924965172987299e+02
3.653133120000000122e+00 -3.949548752838031618e+01
3.655448160000000168e+00 6.261824265695099712e+01
3.657763199999999770e+00 1.159198481133081344e+02
3.660078239999999816e+00 1.045292258720544396e+02
3.662393279999999862e+00 3.541490757342333495e+01
3.664708319999999908e+00 -2.999360766954930568e+01
3.667023359999999954e+00 4.238685223519915724e-01
3.669338400000000000e+00 1.078658169886558937e+02
3.671653440000000046e+00 1.997792796935783599e+02
3.673968480000000092e+00 1.791815929640658851e+02
3.676283520000000138e+00 1.001503149555799013e+02
3.678598560000000184e+00 1.909103127963852842e+01
3.680913599999999786e+00 4.190012353303175985e+01
3.683228639999999832e+00 1.023589434017370365e+02
3.685543679999999878e+00 2.179050405391064373e+02
3.687858719999999924e+00 2.414379962124477288e+02
3.690173759999999969e+00 1.949968487071626271e+02
3.692488800000000015e+00 6.823676217369454378e+01
3.694803840000000061e+00 -8.996062572842802751e+00
3.697118880000000107e+00 3.367313433490826213e+01
3.699433920000000153e+00 1.240415394718903599e+02
3.701748959999999755e+00 1.559548262334360800e+02
3.704063999999999801e+00 1.193400114341013847e+02
3.706379039999999847e+00 7.565535958655118520e+01
3.708694079999999893e+00 6.634904750348223956e+01
3.711009119999999939e+00 3.529954370276095688e+01
3.713324159999999985e+00 7.745347587246595822e+01
3.715639200000000031e+00 1.190226529014682200e+02
3.717954240000000077e+00 8.828114794012449806e+01
3.720269280000000123e+00 4.737050046096256750e+01
3.722584320000000169e+00 1.197849551603924567e+01
3.724899359999999771e+00 -5.696613091381696847e+01
3.727214399999999817e+00 -5.140899974117317583e+00
3.729529439999999862e+00 -5.462598131211278130e-01
3.731844479999999908e+00 1.041283504199333443e+01
3.734159519999999954e+00 1.228271078532471350e+01
3.736474560000000000e+00 -2.531052874141249021e+01
3.738789600000000046e+00 -6.358943326329149670e+01
3.741104640000000092e+00 4.339154592802189825e+01
3.743419680000000138e+00 8.280114342195074073e+01
3.745734720000000184e+00 2.020371523703138195e+01
3.748049759999999786e+00 1.189856166682113248e+01
3.750364799999999832e+00 4.660847353236961865e+00
3.752679839999999878e+00 -3.807958049087262964e+01
3.754994879999999924e+00 -4.495448185121453122e+01
3.757309919999999970e+00 4.938334148515542665e+01
3.759624960000000016e+00 2.096852635275039134e+01
3.761940000000000062e+00 -1.057772037095570283e+01
3.764255040000000108e+00 -1.976843899289297468e+01
3.766570080000000154e+00 -4.984641510313232260e+01
3.768885119999999755e+00 -4.485478878149684334e+01
3.771200159999999801e+00 2.508063832761308731e+01
3.773515199999999847e+00 1.020407031440091004e+02
3.775830239999999893e+00 4.192294403167780104e+01
3.778145279999999939e+00 -2.626610395985728985e+01
3.780460319999999985e+00 -1.073237053907376293e+01
3.782775360000000031e+00 2.756349108545786919e+01
3.785090400000000077e+00 3.292285732630528372e+01
3.787405440000000123e+00 8.479393728153706888e+01
3.789720480000000169e+00 3.807145603401627199e+01
3.792035519999999771e+00 -6.544832875685828810e+01
3.794350559999999817e+00 -5.066540741142807747e+01
3.796665599999999863e+00 -4.086940457767794044e+01
3.798980639999999909e+00 -6.526502577339883260e+01
3.801295679999999955e+00 -1.349663187308430423e+01
3.803610720000000001e+00 5.106852068964562363e+01
3.805925760000000047e+00 1.155406811704492043e+01
3.808240800000000092e+00 -2.054800485245996100e+01
3.810555840000000138e+00 -1.049285131821008754e+01
3.812870880000000184e+00 1.924552784979427500e+01
3.815185919999999786e+00 8.909357917907824742e+01
3.817500959999999832e+00 1.255552346057514512e+01
3.819815999999999878e+00 -7.236381311023011165e+01
3.822131039999999924e+00 -1.536836080237265776e+02
3.824446079999999970e+00 -1.465698373608500162e+02
3.826761120000000016e+00 -1.062124596181079710e+02
3.829076160000000062e+00 -9.500796710952364776e+01
3.831391200000000108e+00 -7.700739650479991383e+01
3.833706240000000154e+00 -6.669584470590231717e+01
3.836021279999999756e+00 -8.567257393273467869e+01
3.838336319999999802e+00 -8.179192880544198374e+01
3.840651359999999848e+00 -3.191885162311083945e+01
3.842966399999999894e+00 5.010164033490627844e+01
3.845281439999999940e+00 1.314805698748612031e+02
3.847596479999999985e+00 1.663607151431190232e+02
3.849911520000000031e+00 9.255644176721435201e+01
3.852226560000000077e+00 -2.670226087308685692e+01
3.854541600000000123e+00 -2.762949626314625817e+00
3.856856640000000169e+00 4.742559040508131574e+01
3.859171679999999771e+00 1.312704947233488042e+02
3.861486719999999817e+00 1.697939566955213593e+02
3.863801759999999863e+00 1.212981947294442620e+02
3.866116799999999909e+00 2.112495066975662894e+01
3.868431839999999955e+00 -1.020033780110299659e+01
3.870746880000000001e+00 4.738563535253557291e+01
3.873061920000000047e+00 1.245276363342233452e+02
3.875376960000000093e+00 2.420399577764326864e+02
3.877692000000000139e+00 2.196381003936211016e+02
3.880007040000000185e+00 1.136691938551295920e+02
3.882322079999999787e+00 2.374348322605008832e+01
3.884637119999999832e+00 5.521453170684020506e+01
3.886952159999999878e+00 1.125773516870825688e+02
3.889267199999999924e+00 1.918850011793083468e+02
3.891582239999999970e+00 1.752951522732768979e+02
3.893897280000000016e+00 1.096272025526813252e+02
3.896212320000000062e+00 4.257545596568525070e+01
3.898527360000000108e+00 6.691554862692392192e+01
3.900842400000000154e+00 1.574778029945811113e+02
3.903157439999999756e+00 2.301724327162349084e+02
3.905472479999999802e+00 3.065333143760935286e+02
3.907787519999999848e+00 3.030699203004313063e+02
3.910102559999999894e+00 1.703164103939743086e+02
3.912417599999999940e+00 4.482871293070229513e+01
3.914732639999999986e+00 5.315343496066054740e+01
3.917047680000000032e+00 6.482930265827027938e+01
3.919362720000000078e+00 9.255889314339840723e+01
3.921677760000000124e+00 9.782331219899863584e+01
3.923992800000000170e+00 5.407466532392745506e+01
3.926307839999999771e+00 1.246338146484219322e+01
3.928622879999999817e+00 2.853335837862381652e+00
3.930937919999999863e+00 3.752856131258344874e+01
3.933252959999999909e+00 2.902629931959919674e+01
3.935567999999999955e+00 3.299527658177691336e+01
3.937883040000000001e+00 2.736035800373970517e+01
3.940198080000000047e+00 -4.911966244876606424e+01
3.942513120000000093e+00 -7.842435229832095445e+01
3.944828160000000139e+00 2.238436331507983823e+00
3.947143200000000185e+00 -1.132301242610831515e+01
3.949458239999999787e+00 -3.552076186136879699e+01
3.951773279999999833e+00 -6.273696525344620056e+01
3.954088319999999879e+00 -2.982891081586125637e+01
3.956403359999999925e+00 -2.945378694726908364e+01
3.958718399999999971e+00 -2.423975656949318136e+01
3.961033440000000017e+00 3.910340727312646436e+01
3.963348480000000063e+00 1.621398261865463297e+01
3.965663520000000108e+00 -5.815422473472899867e-01
3.967978560000000154e+00 1.798384779348378615e+01
3.970293599999999756e+00 3.396776869808311261e+01
3.972608639999999802e+00 1.255169006113080954e+01
3.974923679999999848e+00 6.086243654024293903e+01
3.977238719999999894e+00 1.191539719295360840e+02
3.979553759999999940e+00 6.359475822653882204e+01
3.981868799999999986e+00 1.250889385633499273e+00
3.984183840000000032e+00 -4.340996283925834476e+00
3.986498880000000078e+00 -4.074110534358123914e+01
3.988813920000000124e+00 -9.013273705100250055e+00
3.991128960000000170e+00 5.906728452367173077e+01
3.993443999999999772e+00 -6.357119388984258990e+00
3.995759039999999818e+00 -6.459383910184887334e+00
3.998074079999999864e+00 -4.339690622270691023e+01
4.000389120000000354e+00 -5.918151420121152029e+01
4.002704160000000400e+00 -9.257388733128300373e+01
4.005019199999999557e+00 -6.276092783836505618e+01
4.007334239999999603e+00 -2.846168590360196760e+01
4.009649279999999649e+00 -9.234961919370607575e+01
4.011964319999999695e+00 -1.091998791162605471e+02
4.014279359999999741e+00 -1.145460562246866232e+02
4.016594399999999787e+00 -1.451231000648992051e+02
4.018909439999999833e+00 -1.402920864149827764e+02
4.021224479999999879e+00 -1.202297304627994095e+02
4.023539519999999925e+00 -1.577915363791219363e+02
4.025854559999999971e+00 -1.818595986587954769e+02
4.028169600000000017e+00 -2.238062864437224562e+02
4.030484640000000063e+00 -2.363379052446139781e+02
4.032799680000000109e+00 -2.155011645008344203e+02
4.035114720000000155e+00 -1.420142396655774633e+02
4.037429760000000201e+00 -1.007888318694586189e+02
4.039744800000000247e+00 -1.047680880792365770e+02
4.042059840000000293e+00 -1.270686482758351730e+02
4.044374880000000338e+00 -1.245192500957413699e+02
4.046689920000000384e+00 -7.523972760153020545e+01
4.049004959999999542e+00 -3.794544885576609516e+01
4.051319999999999588e+00 -3.577893418801011194e+00
4.053635039999999634e+00 -5.758186584073266090e+01
4.055950079999999680e+00 -1.015424647654607497e+02
4.058265119999999726e+00 -9.893841085286739201e+01
4.060580159999999772e+00 -5.525193496416771666e+01
4.062895199999999818e+00 6.774136479391340515e+01
4.065210239999999864e+00 1.333620078359707577e+02
4.067525279999999910e+00 5.276121201750642342e+01
4.069840319999999956e+00 -6.408220075549616013e+01
4.072155360000000002e+00 -4.535009537185915462e+01
4.074470400000000048e+00 4.808229296746760895e+01
4.076785440000000094e+00 1.516640788772755855e+02
4.079100480000000140e+00 1.653559879095010388e+02
4.081415520000000186e+00 1.372884371874857266e+02
4.083730560000000231e+00 4.287130614658036620e+01
4.086045600000000277e+00 -3.177298513806806568e+01
4.088360640000000323e+00 -6.982911658688113477e+00
4.090675680000000369e+00 9.238721018859865808e+01
4.092990719999999527e+00 2.277199216559911576e+02
4.095305759999999573e+00 2.248260807774626642e+02
4.097620799999999619e+00 1.472143628459807019e+02
4.099935839999999665e+00 -2.748824275102256820e+01
4.102250879999999711e+00 -8.599856812921164817e+01
4.104565919999999757e+00 -2.268491408415828658e+01
4.106880959999999803e+00 2.331578312766902172e+01
4.109195999999999849e+00 3.768914899298072640e+01
4.111511039999999895e+00 6.961912530986397485e+01
4.113826079999999941e+00 2.878569836254759196e+01
4.116141119999999987e+00 -2.545322563146292083e+01
4.118456160000000033e+00 -7.935249708479819475e+00
4.120771200000000078e+00 2.997566235101726306e+01
4.123086240000000124e+00 8.527103377978360754e+01
4.125401280000000170e+00 7.584726169000583695e+01
4.127716320000000216e+00 2.587164094593538977e+01
4.130031360000000262e+00 -5.771708698403146798e+01
4.132346400000000308e+00 -1.925499694554092400e+01
4.134661440000000354e+00 3.315808328336682820e+00
4.136976480000000400e+00 1.062212379709294119e+01
4.139291519999999558e+00 3.622463200524346405e+01
4.141606559999999604e+00 -5.049175503173363211e+01
4.143921599999999650e+00 -1.173129162869311273e+02
4.146236639999999696e+00 -1.072073785158958827e+02
4.148551679999999742e+00 -4.318033969397204430e+01
4.150866719999999788e+00 -4.308268892188777954e+00
4.153181759999999834e+00 -1.469410393618038668e+01
4.155496799999999880e+00 -1.877539841089252803e+01
4.157811839999999926e+00 -6.980737953481796865e+01
4.160126879999999971e+00 -7.804061965401719192e+01
4.162441920000000017e+00 -1.271012222063617969e+00
4.164756960000000063e+00 8.990802473771599068e+01
4.167072000000000109e+00 1.000268804427897749e+02
4.169387040000000155e+00 3.496913297272531906e+01
4.171702080000000201e+00 2.404020358647969147e+01
4.174017120000000247e+00 -3.654970449225785956e+01
4.176332160000000293e+00 -4.400757991881017972e+01
4.178647200000000339e+00 3.636817647086894567e+01
4.180962240000000385e+00 6.156851811845952227e+01
4.183277279999999543e+00 -5.088469007140773215e+00
4.185592319999999589e+00 -5.567806575490693888e+01
4.187907359999999635e+00 -6.965251815055826512e+01
4.190222399999999681e+00 -7.441450870794007244e+01
4.192537439999999727e+00 -1.945444279359463735e+01
4.194852479999999773e+00 -4.604063835911714975e+00
4.197167519999999818e+00 -2.760329989429965281e+01
4.199482559999999864e+00 -4.200307961513353661e+01
4.201797599999999910e+00 -2.171714761924055281e+01
4.204112639999999956e+00 -3.210379710575345769e+01
4.206427680000000002e+00 -4.876272152125586956e+01
4.208742720000000048e+00 1.716641583030116180e+01
4.211057760000000094e+00 -5.042485014984603708e+01
4.213372800000000140e+00 -9.184831167584573564e+01
4.215687840000000186e+00 -1.021135327291571286e+02
4.218002880000000232e+00 -5.943341575384652486e+01
4.220317920000000278e+00 -1.141999698176568359e+02
4.222632960000000324e+00 -7.796191158950347244e+01
4.224948000000000370e+00 -1.085261987182816483e+02
4.227263039999999528e+00 -1.770848762812811401e+02
4.229578079999999574e+00 -1.751240685674588349e+02
4.231893119999999620e+00 -1.335158399665056379e+02
4.234208159999999666e+00 -1.016072363704081312e+02
4.236523199999999711e+00 -3.633056481703496843e+01
4.238838239999999757e+00 1.011856905836952336e+01
4.241153279999999803e+00 -3.824610120757135689e+01
4.243468319999999849e+00 -9.806614065001349445e+01
4.245783359999999895e+00 -6.706332162556734033e+01
4.248098399999999941e+00 -1.288497434231672401e+00
4.250413439999999987e+00 8.206149720171556794e+01
4.252728480000000033e+00 1.331240957445340882e+02
4.255043520000000079e+00 1.244148797953990169e+02
4.257358560000000125e+00 4.532375809941864020e+01
4.259673600000000171e+00 -2.191143393113654270e+01
4.261988640000000217e+00 3.221819013124633102e+01
4.264303680000000263e+00 1.485785081803985292e+02
4.266618720000000309e+00 2.496918821033611664e+02
4.268933760000000355e+00 2.571881150957984232e+02
4.271248800000000401e+00 9.688513672690086764e+01
4.273563839999999558e+00 8.411226963470923579e+00
4.275878879999999604e+00 5.327909262177631433e+01
4.278193919999999650e+00 1.122753488723697046e+02
4.280508959999999696e+00 2.836766667438225795e+02
4.282823999999999742e+00 2.737575062959385264e+02
4.285139039999999788e+00 2.323775133376243218e+02
4.287454079999999834e+00 2.780384208776874289e+01
4.289769119999999880e+00 -3.114347298725687097e+01
4.292084159999999926e+00 5.116205597922122195e+01
4.294399199999999972e+00 2.357478520633330561e+02
4.296714240000000018e+00 2.972098815917840398e+02
4.299029280000000064e+00 2.730485795174011514e+02
4.301344320000000110e+00 2.105557893297355747e+02
4.303659360000000156e+00 7.511976507324342833e+01
4.305974400000000202e+00 5.305042716100828670e+01
4.308289440000000248e+00 1.121001324149237348e+02
4.310604480000000294e+00 1.956319377812426978e+02
4.312919520000000340e+00 2.382942091408467036e+02
4.315234560000000386e+00 1.890863453888093204e+02
4.317549599999999543e+00 2.146897241044317184e+01
4.319864639999999589e+00 1.323823848018886196e+00
4.322179679999999635e+00 5.655062862639705656e+01
4.324494719999999681e+00 8.433144486540436446e+01
4.326809759999999727e+00 1.185745882483108034e+02
4.329124799999999773e+00 1.472040138191563017e+02
4.331439839999999819e+00 9.268197763337849437e+01
4.333754879999999865e+00 1.040824869897489293e+02
4.336069919999999911e+00 1.401276492346754026e+02
4.338384959999999957e+00 1.453017617338442449e+02
4.340700000000000003e+00 8.158148375519579076e+01
4.343015040000000049e+00 1.224408060198334738e+02
4.345330080000000095e+00 1.161845399947719812e+02
4.347645120000000141e+00 1.495103757385538472e+02
4.349960160000000187e+00 1.214246764732160244e+02
4.352275200000000233e+00 1.199826363108818583e+02
4.354590240000000279e+00 7.821574176584826432e+01
4.356905280000000324e+00 3.224178860323361562e+01
4.359220320000000370e+00 4.169418785177201414e+01
4.361535359999999528e+00 1.588867199216231896e+01
4.363850399999999574e+00 -9.136444788363817793e+00
4.366165439999999620e+00 6.712516783278775279e+01
4.368480479999999666e+00 9.795929874677648286e+01
4.370795519999999712e+00 6.331430912767385166e+01
4.373110559999999758e+00 7.100618574731075228e+01
4.375425599999999804e+00 5.530690315434760151e+01
4.377740639999999850e+00 4.146050954897087593e+01
4.380055679999999896e+00 5.614729070149742540e+01
4.382370719999999942e+00 1.635767579095014526e+02
4.384685759999999988e+00 1.280406365200354344e+02
4.387000800000000034e+00 3.836655210154644635e+01
4.389315840000000080e+00 2.308838667800472422e-01
4.391630880000000126e+00 -5.517558611767760191e+00
4.393945920000000172e+00 -4.336103583867538447e+01
4.396260960000000217e+00 1.335171501614993872e+00
4.398576000000000263e+00 7.721242688615321015e+01
4.400891040000000309e+00 4.076786626344352271e+01
4.403206080000000355e+00 -2.272223962600195080e+01
4.405521120000000401e+00 -5.195028444729329919e+01
4.407836159999999559e+00 -6.632780841822622619e+01
4.410151199999999605e+00 -5.240473722064408690e+01
4.412466239999999651e+00 -5.751024860483475720e+00
4.414781279999999697e+00 -7.435212294111555309e+01
4.417096319999999743e+00 -1.222145582111499493e+02
4.419411359999999789e+00 -1.097734966055683827e+02
4.421726399999999835e+00 -1.303832323653652168e+02
4.424041439999999881e+00 -1.602469018131479856e+02
4.426356479999999927e+00 -1.417187638843520290e+02
4.428671519999999973e+00 -1.540702205041797299e+02
4.430986560000000019e+00 -1.817812914522535266e+02
4.433301600000000064e+00 -2.085255834614079902e+02
4.435616640000000110e+00 -1.673357277420440710e+02
4.437931680000000156e+00 -1.392121377011777668e+02
4.440246720000000202e+00 -5.491246044384362790e+01
4.442561760000000248e+00 -3.852015192882200267e+01
4.444876800000000294e+00 -5.228109596747101762e+01
4.447191840000000340e+00 -6.711695723520568890e+01
4.449506880000000386e+00 -4.115152735446031329e+01
4.451821919999999544e+00 -4.412253522224665403e+01
4.454136959999999590e+00 5.843329349780394466e+01
4.456451999999999636e+00 1.466480009365863850e+02
4.458767039999999682e+00 1.243346059889240536e+02
4.461082079999999728e+00 3.311088475123254682e+01
4.463397119999999774e+00 8.296116237794052495e+00
4.465712159999999820e+00 -1.309536837082281480e+01
4.468027199999999866e+00 4.676820858588243368e+01
4.470342239999999912e+00 1.452165196569564500e+02
4.472657279999999957e+00 1.565377856890812041e+02
4.474972320000000003e+00 8.989678005700746155e+01
4.477287360000000049e+00 5.401831170767638923e+01
4.479602400000000095e+00 1.159108443031348941e+02
4.481917440000000141e+00 1.322816856773261236e+02
4.484232480000000187e+00 2.283141208379492753e+02
4.486547520000000233e+00 2.717666260498248221e+02
4.488862560000000279e+00 2.079388721277182412e+02
4.491177600000000325e+00 4.441774120731136577e+01
4.493492640000000371e+00 1.941031105090029740e+01
4.495807679999999529e+00 2.696729606222398701e+01
4.498122719999999575e+00 1.169659680164909759e+02
4.500437759999999621e+00 2.238420756714734807e+02
4.502752799999999667e+00 1.813321678111294659e+02
4.505067839999999713e+00 9.827145753564911956e+01
4.507382879999999759e+00 -1.454753825961702773e+00
4.509697919999999804e+00 2.154025871959964533e+01
4.512012959999999850e+00 6.426487247605426489e+01
4.514327999999999896e+00 8.923924693206261338e+01
4.516643039999999942e+00 1.160858134484384010e+02
4.518958079999999988e+00 7.058301519919204736e+01
4.521273120000000034e+00 -5.696652758720830434e+00
4.523588160000000080e+00 -3.102451895461599563e+01
4.525903200000000126e+00 2.972326264281983299e+01
4.528218240000000172e+00 7.261428990300373698e+01
4.530533280000000218e+00 1.327786079277894515e+01
4.532848320000000264e+00 -4.274436853855700491e+00
4.535163360000000310e+00 -7.067805893439735598e+01
4.537478400000000356e+00 -5.399066595057995244e+01
4.539793440000000402e+00 -1.467478149251193287e+01
4.542108479999999560e+00 7.667216495494916728e+01
4.544423519999999606e+00 5.333629118707087002e+01
4.546738559999999651e+00 3.157445110166012725e+01
4.549053599999999697e+00 -5.465507852790707943e+00
4.551368639999999743e+00 -7.368575090090065771e+01
4.553683679999999789e+00 -7.090777762765131342e+01
4.555998719999999835e+00 -9.969269452950612731e+00
4.558313759999999881e+00 -2.995276772648652752e+01
4.560628799999999927e+00 -2.604429841321042005e+01
4.562943839999999973e+00 -3.501009901460935936e+00
4.565258880000000019e+00 -3.323145353426978943e+01
4.567573920000000065e+00 -4.756237070241468956e+01
4.569888960000000111e+00 -1.750142007773484210e+01
4.572204000000000157e+00 2.006854534263160161e+01
4.574519040000000203e+00 1.203792455180493803e+01
4.576834080000000249e+00 -4.991844864869905507e+01
4.579149120000000295e+00 -7.296769960268541411e+01
4.581464160000000341e+00 -3.151489066816007067e+01
4.583779200000000387e+00 1.437539019241214078e-01
4.586094239999999544e+00 3.581229008936511349e+01
4.588409279999999590e+00 5.529636971702233694e+01
4.590724319999999636e+00 4.590082966207843640e+01
4.593039359999999682e+00 -1.198490209320215172e+01
4.595354399999999728e+00 -2.991005066113067912e+01
4.597669439999999774e+00 -6.030348355183852505e+01
4.599984479999999820e+00 -5.836024943753724159e+01
4.602299519999999866e+00 7.869143521763703575e+00
4.604614559999999912e+00 -4.922842248840499479e+00
4.606929599999999958e+00 -2.642623749433556313e+01
4.609244640000000004e+00 3.641848176835562612e+00
4.611559680000000050e+00 -1.037752554920681192e+01
4.613874720000000096e+00 -2.766822497345307852e+01
4.616189760000000142e+00 2.887220437341355250e+00
4.618504800000000188e+00 -4.199171430585795406e+01
4.620819840000000234e+00 -1.083511231730339262e+02
4.623134880000000280e+00 -1.089797883480772214e+02
4.625449920000000326e+00 -1.130678603378814273e+02
4.627764960000000372e+00 -1.217943744614373713e+02
4.630079999999999529e+00 -1.343045433427115256e+02
4.632395039999999575e+00 -1.525147346104091071e+02
4.634710079999999621e+00 -2.158850503193343968e+02
4.637025119999999667e+00 -2.299219954652625120e+02
4.639340159999999713e+00 -1.893115008826659391e+02
4.641655199999999759e+00 -1.753251891044766353e+02
4.643970239999999805e+00 -1.275762606840760043e+02
4.646285279999999851e+00 -9.240410116908284976e+01
4.648600319999999897e+00 -1.259232567005288388e+02
4.650915359999999943e+00 -1.146186660281259577e+02
4.653230399999999989e+00 -9.508515157514838734e+01
4.655545440000000035e+00 -8.165396790692305728e+01
4.657860480000000081e+00 6.352242213292967676e+00
4.660175520000000127e+00 7.707978977949058219e+01
4.662490560000000173e+00 4.815017526990567376e+01
4.664805600000000219e+00 5.301030688981448691e+00
4.667120640000000265e+00 2.447224652465165207e+01
4.669435680000000310e+00 4.226185875531107428e+01
4.671750720000000356e+00 1.179042348887283538e+02
4.674065760000000402e+00 1.371732428453979651e+02
4.676380799999999560e+00 1.261052793690460447e+02
4.678695839999999606e+00 3.456936419426666873e+01
4.681010879999999652e+00 -4.009185464477954497e+01
4.683325919999999698e+00 -2.116039661607573308e+01
4.685640959999999744e+00 5.446305431672405462e+01
4.687955999999999790e+00 1.397836428201644594e+02
4.690271039999999836e+00 1.408550100323469110e+02
4.692586079999999882e+00 9.994330364002703959e+01
4.694901119999999928e+00 2.055404481680274387e+01
4.697216159999999974e+00 -3.307129120979737280e+01
4.699531200000000020e+00 5.481556066543838313e+01
4.701846240000000066e+00 1.658990367857170440e+02
4.704161280000000112e+00 1.857031998877516799e+02
4.706476320000000158e+00 1.279122198766149268e+02
4.708791360000000203e+00 3.524597956325536074e+01
4.711106400000000249e+00 -7.797506589929241727e-01
4.713421440000000295e+00 3.588813432607338427e+01
4.715736480000000341e+00 9.220831630914139510e+01
4.718051520000000387e+00 1.190345607024182186e+02
4.720366559999999545e+00 7.735324794895844036e+01
4.722681599999999591e+00 5.746147229342874851e+01
4.724996639999999637e+00 1.215800690542217666e+01
4.727311679999999683e+00 2.134783699286960257e+01
4.729626719999999729e+00 9.062862904020528276e+01
4.731941759999999775e+00 7.725120745916326825e+01
4.734256799999999821e+00 3.583967787394690419e+01
4.736571839999999867e+00 -8.126501900271307477e+00
4.738886879999999913e+00 -1.369554657171708634e+01
4.741201919999999959e+00 -1.769602509265314794e+01
4.743516960000000005e+00 1.288747117841247203e+01
4.745832000000000050e+00 3.275964741936806490e+01
4.748147040000000096e+00 1.060934416148313630e+01
4.750462080000000142e+00 -4.726812391108673239e+00
4.752777120000000188e+00 -3.495610619761573190e+01
4.755092160000000234e+00 -5.601585269770393438e+01
4.757407200000000280e+00 -4.446803298309776409e+01
4.759722240000000326e+00 -8.891945656795954278e+00
4.762037280000000372e+00 -2.567948482753023853e+01
4.764352319999999530e+00 -4.041626899666231054e+01
4.766667359999999576e+00 -3.247388265109883321e+00
4.768982399999999622e+00 6.927470078279586829e+00
4.771297439999999668e+00 -1.912924493020613070e+01
4.773612479999999714e+00 1.199982252659138382e+01
4.775927519999999760e+00 4.910730494116156564e+01
4.778242559999999806e+00 1.431844551676898192e+01
4.780557599999999852e+00 -3.129469145900151261e+01
4.782872639999999897e+00 -4.468304859201751356e+01
4.785187679999999943e+00 -3.953841613173987213e+01
4.787502719999999989e+00 -3.950011265842183406e+01
4.789817760000000035e+00 2.160719786474376747e+01
4.792132800000000081e+00 1.658629522380051569e+01
4.794447840000000127e+00 -1.232784621566097627e+01
4.796762880000000173e+00 -2.029672976980504018e+01
4.799077920000000219e+00 -5.369430992464674546e+01
4.801392960000000265e+00 -5.087433611164462377e+01
4.803708000000000311e+00 4.359199931239835735e+00
4.806023040000000357e+00 -7.800954377844869114e+00
4.808338079999999515e+00 -4.056719485857922081e+01
4.810653119999999561e+00 -7.331791709498317289e+01
4.812968159999999607e+00 -9.510597395371947016e+01
4.815283199999999653e+00 -1.271042003183441409e+02
4.817598239999999699e+00 -6.080723265823633028e+01
4.819913279999999745e+00 -5.569359218118986377e+01
4.822228319999999790e+00 -9.532764878194083735e+01
4.824543359999999836e+00 -1.134730871527228970e+02
4.826858399999999882e+00 -1.153567574438116878e+02
4.829173439999999928e+00 -1.386679417877669778e+02
4.831488479999999974e+00 -1.519143409096190851e+02
4.833803520000000020e+00 -1.467514964153575363e+02
4.836118560000000066e+00 -1.414397234034403823e+02
4.838433600000000112e+00 -1.718448525412416643e+02
4.840748640000000158e+00 -1.743948233360139568e+02
4.843063680000000204e+00 -1.408243909463527359e+02
4.845378720000000250e+00 -1.005051158130655722e+02
4.847693760000000296e+00 -5.193671892801674517e+00
4.850008800000000342e+00 4.111638385892076997e+01
4.852323840000000388e+00 -3.679902185310288587e+01
4.854638879999999546e+00 -9.280878214859365016e+01
4.856953919999999592e+00 -4.003072341368373799e+01
4.859268959999999637e+00 1.881896268620921830e+01
4.861583999999999683e+00 8.522463554313945622e+01
4.863899039999999729e+00 6.991170232299168674e+01
4.866214079999999775e+00 5.308888116839469262e+01
4.868529119999999821e+00 -2.904377129789634182e+01
4.870844159999999867e+00 -4.647572566517786186e+01
4.873159199999999913e+00 2.780050669952909459e+01
4.875474239999999959e+00 1.398198272203739521e+02
4.877789280000000005e+00 2.027276689978285447e+02
4.880104320000000051e+00 2.219819156987420570e+02
4.882419360000000097e+00 7.301258369977949769e+01
4.884734400000000143e+00 5.027220838663431834e+01
4.887049440000000189e+00 5.715397124668356099e+01
4.889364480000000235e+00 1.520041685070142421e+02
4.891679520000000281e+00 1.881158457149929859e+02
4.893994560000000327e+00 1.481410501122999790e+02
4.896309600000000373e+00 8.882689559970944515e+01
4.898624639999999530e+00 -3.499400062245267407e+01
4.900939679999999576e+00 -2.884249596423828876e+01
4.903254719999999622e+00 1.157476829670925440e+02
4.905569759999999668e+00 2.049521894245079352e+02
4.907884799999999714e+00 1.959376546745269820e+02
4.910199839999999760e+00 1.499627412512039086e+02
4.912514879999999806e+00 9.968559646149350328e+01
4.914829919999999852e+00 1.077935131814027585e+02
4.917144959999999898e+00 1.446442281614371268e+02
4.919459999999999944e+00 1.764265045858060148e+02
4.921775039999999990e+00 1.697069424360474841e+02
4.924090080000000036e+00 1.186590319105025628e+02
4.926405120000000082e+00 9.079546984271470933e+01
4.928720160000000128e+00 -6.050969753318895528e+00
4.931035200000000174e+00 6.961086469165971735e+00
4.933350240000000220e+00 2.846034477972019161e+01
4.935665280000000266e+00 9.363755674853881317e+01
4.937980320000000312e+00 7.618331080407124034e+01
4.940295360000000358e+00 4.048219970884062491e+01
4.942610399999999515e+00 -2.298049482524365317e+01
4.944925439999999561e+00 3.180457114454960532e+01
4.947240479999999607e+00 1.327107245994700975e+02
4.949555519999999653e+00 1.021022166471848607e+02
4.951870559999999699e+00 3.157231776995718064e+01
4.954185599999999745e+00 4.172773005197162632e+01
4.956500639999999791e+00 -1.423155153528520600e+01
4.958815679999999837e+00 -7.514392295152813972e+01
4.961130719999999883e+00 1.632111950865279937e+01
4.963445759999999929e+00 2.114584886191219937e+01
4.965760799999999975e+00 -1.339492286875616145e+01
4.968075840000000021e+00 -2.727736727702306752e+01
4.970390880000000067e+00 -5.927714756234003346e+01
4.972705920000000113e+00 -8.144108389507677259e+01
4.975020960000000159e+00 -2.971345776116124426e+01
4.977336000000000205e+00 9.390657714280330026e+00
4.979651040000000251e+00 -8.205546980053313177e-02
4.981966080000000296e+00 -2.504241599071752233e+01
4.984281120000000342e+00 -5.738287942342694947e+01
4.986596160000000388e+00 -7.046316074730314938e+01
4.988911199999999546e+00 -9.928973979793104832e+01
4.991226239999999592e+00 -3.983480563912820571e+01
4.993541279999999638e+00 -9.476485959981722829e+00
4.995856319999999684e+00 1.506368938464946794e+00
4.998171359999999730e+00 -1.528562217949170687e+01
5.000486399999999776e+00 -6.941911130538041164e+01
5.002801439999999822e+00 -6.393102733818726335e+01
5.005116479999999868e+00 -3.413331107696166811e+01
5.007431519999999914e+00 -1.536030930613543433e+01
5.009746559999999960e+00 5.791380267197180132e+00
5.012061600000000006e+00 -2.075134132337448989e+01
5.014376640000000052e+00 -5.128800874410985244e+01
5.016691680000000098e+00 -1.024415490684360748e+02
5.019006720000000144e+00 -9.649681980300366035e+01
5.021321760000000189e+00 -9.678684278087327186e+01
5.023636800000000235e+00 -1.068066811501932847e+02
5.025951840000000281e+00 -1.372991395239789654e+02
5.028266880000000327e+00 -1.446740523910036700e+02
5.030581920000000373e+00 -1.501499279553568442e+02
5.032896959999999531e+00 -1.710390776741587047e+02
5.035211999999999577e+00 -1.896062302825924633e+02
5.037527039999999623e+00 -1.613821127928580950e+02
5.039842079999999669e+00 -2.056648004488517927e+02
5.042157119999999715e+00 -2.179859205850137016e+02
5.044472159999999761e+00 -1.808491211753564869e+02
5.046787199999999807e+00 -1.634281097083660654e+02
5.049102239999999853e+00 -9.501037324075807078e+01
5.051417279999999899e+00 -2.087842651383223824e+01
5.053732319999999945e+00 -4.919988765203392234e+01
5.056047359999999991e+00 -8.017324948935913653e+01
5.058362400000000036e+00 -9.520637418088733739e+01
5.060677440000000082e+00 -8.831901217381684432e+01
5.062992480000000128e+00 -1.362086399007580440e-01
5.065307520000000174e+00 5.765969752687126260e+01
5.067622560000000220e+00 7.049675531860712852e+01
5.069937600000000266e+00 -1.842709690533705214e+01
5.072252640000000312e+00 -8.486840861026645655e+01
5.074567680000000358e+00 -5.793636518522865231e+01
5.076882719999999516e+00 1.770997644116410186e+01
5.079197759999999562e+00 1.274417485707998310e+02
5.081512799999999608e+00 2.321094216658962637e+02
5.083827839999999654e+00 1.731719963787993493e+02
5.086142879999999700e+00 6.114569925793163918e+01
5.088457919999999746e+00 -5.738719340025525639e+00
5.090772959999999792e+00 9.598237460373653107e+01
5.093087999999999838e+00 1.291259867677974000e+02
5.095403039999999883e+00 8.906937289061775687e+01
5.097718079999999929e+00 7.380288528387393399e+01
5.100033119999999975e+00 2.351325010356134726e+00
5.102348160000000021e+00 -3.125853640320153914e+01
5.104663200000000067e+00 7.910075097476621409e+00
5.106978240000000113e+00 5.751922293312259882e+01
5.109293280000000159e+00 1.367967687360575724e+02
5.111608320000000205e+00 1.054403310884239886e+02
5.113923360000000251e+00 1.020804307816890599e+02
5.116238400000000297e+00 3.355849986439945098e+01
5.118553440000000343e+00 -7.628825077250532161e+00
5.120868480000000389e+00 9.308883155313417035e+01
5.123183519999999547e+00 1.651593678809816765e+02
5.125498559999999593e+00 1.623080624768544737e+02
5.127813599999999639e+00 1.284287927382101486e+02
5.130128639999999685e+00 4.710876268068474815e+00
5.132443679999999731e+00 -1.146575245955301092e+01
5.134758719999999776e+00 2.758140603796542933e+01
5.137073759999999822e+00 6.539347571399282799e+01
5.139388799999999868e+00 6.427692320101533596e+01
5.141703839999999914e+00 6.523069280195208819e+01
5.144018879999999960e+00 1.330304631440486673e+01
5.146333920000000006e+00 -2.528198772450262055e+01
5.148648960000000052e+00 -3.822332360696010056e+01
5.150964000000000098e+00 3.262103525001703019e+01
5.153279040000000144e+00 3.528831303198214187e+01
5.155594080000000190e+00 5.411815205642444937e+01
5.157909120000000236e+00 4.237245583193805487e+01
5.160224160000000282e+00 -4.477187645361155433e+00
5.162539200000000328e+00 -8.094041184631895192e+01
5.164854240000000374e+00 -1.544246519159132447e+01
5.167169279999999532e+00 3.487566562718624397e+01
5.169484319999999578e+00 -2.912845173062352444e+01
5.171799359999999623e+00 6.042485831658702011e+00
5.174114399999999669e+00 3.686202707922431898e+01
5.176429439999999715e+00 -3.008440076889073111e+01
5.178744479999999761e+00 -3.988252225802245476e+00
5.181059519999999807e+00 5.838886683896974006e+01
5.183374559999999853e+00 2.531635499719229188e-01
5.185689599999999899e+00 -2.475730926958647515e+01
5.188004639999999945e+00 -1.738777873154997877e+00
5.190319679999999991e+00 -2.072385544948400238e+01
5.192634720000000037e+00 -3.442945047690213300e+01
5.194949760000000083e+00 3.390711954082991042e+01
5.197264800000000129e+00 2.958292111014038639e+01
5.199579840000000175e+00 1.382496390253446350e+01
5.201894880000000221e+00 -1.000175427059535949e+01
5.204209920000000267e+00 -5.169323997327123266e+01
5.206524960000000313e+00 -6.398904584370645665e+01
5.208840000000000359e+00 -3.917823178907126902e+01
5.211155039999999516e+00 2.329531671902250878e+01
5.213470079999999562e+00 3.263634368957739440e+01
5.215785119999999608e+00 -4.956520107470512926e+01
5.218100159999999654e+00 -5.898617609183821742e+01
5.220415199999999700e+00 -2.830561267618303134e+01
5.222730239999999746e+00 -5.463987928748129974e+01
5.225045279999999792e+00 -5.794115072240735032e+01
5.227360319999999838e+00 -1.038068250306557161e+02
5.229675359999999884e+00 -1.427367791583617986e+02
5.231990399999999930e+00 -1.517759346402491758e+02
5.234305439999999976e+00 -1.102160888658360705e+02
5.236620480000000022e+00 -1.358356411531895560e+02
5.238935520000000068e+00 -1.424603841373294131e+02
5.241250560000000114e+00 -1.342783582446318462e+02
5.243565600000000160e+00 -1.629714607931025796e+02
5.245880640000000206e+00 -1.769325201911963745e+02
5.248195680000000252e+00 -1.489104641082686555e+02
5.250510720000000298e+00 -1.102948219729678385e+02
5.252825760000000344e+00 -5.163979235039627014e+01
5.255140800000000390e+00 2.397742524194289615e+01
5.257455839999999547e+00 -5.585396901488152821e+01
5.259770879999999593e+00 -1.214116073761027224e+02
5.262085919999999639e+00 -8.796066894914216050e+01
5.264400959999999685e+00 3.332901348141299991e+01
5.266715999999999731e+00 9.195893971910089704e+01
5.269031039999999777e+00 1.485830358437896166e+02
5.271346079999999823e+00 1.339626505753518586e+02
5.273661119999999869e+00 8.370755302565896727e+01
5.275976159999999915e+00 3.656732313358797626e+01
5.278291199999999961e+00 7.950248904623754242e+01
5.280606240000000007e+00 1.619869748894415125e+02
5.282921280000000053e+00 2.355282444686133658e+02
5.285236320000000099e+00 1.881029949961437637e+02
5.287551360000000145e+00 1.201548983295338502e+02
5.289866400000000191e+00 2.313925691788020345e+01
5.292181440000000237e+00 4.502644304750704407e+01
5.294496480000000282e+00 1.302739556804611425e+02
5.296811520000000328e+00 2.907119382050793774e+02
5.299126560000000374e+00 3.306356871986813530e+02
5.301441599999999532e+00 1.626644951449544862e+02
5.303756639999999578e+00 5.064868448520212496e+01
5.306071679999999624e+00 8.976923769732607639e-01
5.308386719999999670e+00 1.029312198296952090e+02
5.310701759999999716e+00 2.651797560056279508e+02
5.313016799999999762e+00 3.311094635776896666e+02
5.315331839999999808e+00 2.373268076803164490e+02
5.317646879999999854e+00 1.494866891921083720e+02
5.319961919999999900e+00 5.440484830213448220e+01
5.322276959999999946e+00 3.938879973821191527e+01
5.324591999999999992e+00 1.246364807638409644e+02
5.326907040000000038e+00 2.140922311670248916e+02
5.329222080000000084e+00 1.571759761800331603e+02
5.331537120000000129e+00 4.701461205023554157e+01
5.333852160000000175e+00 3.085537177281993593e+01
5.336167200000000221e+00 -7.767055406852705346e-01
5.338482240000000267e+00 3.086655252645727643e+01
5.340797280000000313e+00 6.859068750306292372e+01
5.343112320000000359e+00 9.044878040851713763e+01
5.345427359999999517e+00 5.918150449373268884e+01
5.347742399999999563e+00 3.829172879843838473e-01
5.350057439999999609e+00 -5.788440272835727285e+01
5.352372479999999655e+00 3.594632004870341291e+00
5.354687519999999701e+00 1.074535864245826815e+02
5.357002559999999747e+00 7.885515245011812624e+01
5.359317599999999793e+00 4.436695365769386967e+01
5.361632639999999839e+00 -2.298225816180764980e+01
5.363947679999999885e+00 -3.861156445676924420e+01
5.366262719999999931e+00 -1.560239038299967618e+01
5.368577759999999977e+00 6.933513547482480988e+01
5.370892800000000022e+00 4.726595132373515185e+01
5.373207840000000068e+00 -2.377356617404167594e+00
5.375522880000000114e+00 -2.119545401199806633e+01
5.377837920000000160e+00 -5.388538642109143240e+01
5.380152960000000206e+00 -5.642392614577346421e+01
5.382468000000000252e+00 5.576293284595304556e+01
5.384783040000000298e+00 7.389523952921950922e+01
5.387098080000000344e+00 2.968206131862453390e+01
5.389413120000000390e+00 -1.202500304241021212e+01
5.391728159999999548e+00 -1.016432028622861061e+01
5.394043199999999594e+00 -1.043651006686545557e+01
5.396358239999999640e+00 -4.390571766519990859e+01
5.398673279999999686e+00 1.348204817301905933e+01
5.400988319999999732e+00 -2.461244027128567069e+01
5.403303359999999778e+00 -4.420839696426330789e+01
5.405618399999999824e+00 -1.943969634842335381e+01
5.407933439999999869e+00 6.618826297830234751e+01
5.410248479999999915e+00 1.169953287987378587e+01
5.412563519999999961e+00 4.082182527664473071e+01
5.414878560000000007e+00 8.383454536087734255e+01
5.417193600000000053e+00 3.008833348518628270e+01
5.419508640000000099e+00 -2.238576684866670519e+01
5.421823680000000145e+00 1.556760034214267563e+01
5.424138720000000191e+00 1.259516539467055019e+01
5.426453760000000237e+00 -1.617997451588728097e+01
5.428768800000000283e+00 3.458677696153898751e+01
5.431083840000000329e+00 -1.904879894385726402e+01
5.433398880000000375e+00 -1.003548359002304835e+02
5.435713919999999533e+00 -1.454668758905656603e+02
5.438028959999999579e+00 -1.735870653048521035e+02
5.440343999999999625e+00 -1.664402844347821713e+02
5.442659039999999671e+00 -1.815456973511396086e+02
5.444974079999999717e+00 -1.763342720578303897e+02
5.447289119999999762e+00 -1.919665891108762139e+02
5.449604159999999808e+00 -1.860450998631122275e+02
5.451919199999999854e+00 -1.279008741400132578e+02
5.454234239999999900e+00 -7.522065196170763102e+01
5.456549279999999946e+00 -1.751789832148961068e+01
5.458864319999999992e+00 3.989722332480842226e+01
5.461179360000000038e+00 -1.456073309618794553e+01
5.463494400000000084e+00 -4.434465693018859156e+01
5.465809440000000130e+00 -4.929327712656677818e+01
5.468124480000000176e+00 4.446058211342253230e+01
5.470439520000000222e+00 1.127753953444206161e+02
5.472754560000000268e+00 1.422582750873523594e+02
5.475069600000000314e+00 9.174041316491411635e+01
5.477384640000000360e+00 9.835600603964181232e+00
5.479699679999999518e+00 -4.421376521501870371e+01
5.482014719999999564e+00 -1.686528829149048292e+01
5.484329759999999609e+00 3.603638339889220532e+01
5.486644799999999655e+00 1.303496549494518320e+02
5.488959839999999701e+00 1.521488117878174364e+02
5.491274879999999747e+00 3.397221440968472450e+01
5.493589919999999793e+00 -1.147557571179893898e+01
5.495904959999999839e+00 -2.223642646906887421e+01
5.498219999999999885e+00 4.039374130365388993e+01
5.500535039999999931e+00 1.456488155072853772e+02
5.502850079999999977e+00 1.834687567890269406e+02
5.505165120000000023e+00 1.368229841769222901e+02
5.507480160000000069e+00 3.844443051574334902e+01
5.509795200000000115e+00 1.104474219928289713e+01
5.512110240000000161e+00 3.564569621777539510e+01
5.514425280000000207e+00 1.066802120727039380e+02
5.516740320000000253e+00 1.711052359825386873e+02
5.519055360000000299e+00 1.651495384943916633e+02
5.521370400000000345e+00 9.311231726864171776e+01
5.523685440000000391e+00 -1.319149069907605565e+01
5.526000479999999548e+00 -1.425464268621288788e+01
5.528315519999999594e+00 6.395407385020882884e+01
5.530630559999999640e+00 1.524308949557332085e+02
5.532945599999999686e+00 1.676331561774739214e+02
5.535260639999999732e+00 1.690023195417919055e+02
5.537575679999999778e+00 8.594079099095540641e+01
5.539890719999999824e+00 3.903501051548989409e+01
5.542205759999999870e+00 8.787394833767510249e+01
5.544520799999999916e+00 9.230789163690289456e+01
5.546835839999999962e+00 9.690668761593015290e+01
5.549150880000000008e+00 7.378718918678411853e+01
5.551465920000000054e+00 3.066987833442597378e+01
5.553780960000000100e+00 -8.386679291721783613e+00
5.556096000000000146e+00 7.602074597144127921e+00
5.558411040000000192e+00 3.554401668417960991e+01
5.560726080000000238e+00 1.613250614454835485e+01
5.563041120000000284e+00 -8.823540084099345648e+00
5.565356160000000330e+00 -4.140496665347285443e+01
5.567671200000000375e+00 -4.053903600668886043e+01
5.569986239999999533e+00 -7.802505428303490476e+01
5.572301279999999579e+00 -1.055729922033231105e+01
5.574616319999999625e+00 -6.550961536924916118e+01
5.576931359999999671e+00 -6.527054485811407858e+01
5.579246399999999717e+00 -4.842967030615701418e+01
5.581561439999999763e+00 -7.623487655437099875e+01
5.583876479999999809e+00 -7.274758288315887000e+01
5.586191519999999855e+00 -5.715647713294600862e+00
5.588506559999999901e+00 -6.982003566099430181e+00
5.590821599999999947e+00 -2.242709372115004385e+01
5.593136639999999993e+00 -4.167638938156841277e+01
5.595451680000000039e+00 -6.783839692210219141e+01
5.597766720000000085e+00 -9.943949531908555173e+01
5.600081760000000131e+00 -5.674793705485706141e+01
5.602396800000000177e+00 2.269030702255659548e+01
5.604711840000000223e+00 2.256733976372562012e+00
5.607026880000000268e+00 -3.111613634633632586e+01
5.609341920000000314e+00 -3.493951111316908964e+01
5.611656960000000360e+00 -2.019950070131339714e+01
5.613971999999999518e+00 -3.759702608925353218e+01
5.616287039999999564e+00 -4.486898336113069519e+01
5.618602079999999610e+00 -8.184865631989154622e+01
5.620917119999999656e+00 -1.082924021543593938e+02
5.623232159999999702e+00 -1.098337426829485963e+02
5.625547199999999748e+00 -6.519725847833493049e+01
5.627862239999999794e+00 -7.992868437522859892e+01
5.630177279999999840e+00 -5.318846201683577135e+01
5.632492319999999886e+00 -4.117667144570969384e+01
5.634807359999999932e+00 -7.295870428789785933e+01
5.637122399999999978e+00 -1.173527806069643873e+02
5.639437440000000024e+00 -1.544260294378201479e+02
5.641752480000000070e+00 -1.666972241033797104e+02
5.644067520000000115e+00 -1.516176994195936913e+02
5.646382560000000161e+00 -1.480348690782027461e+02
5.648697600000000207e+00 -1.686887672836600984e+02
5.651012640000000253e+00 -2.125432926818546946e+02
5.653327680000000299e+00 -2.028127359165027883e+02
5.655642720000000345e+00 -7.631803292292808294e+01
5.657957760000000391e+00 -1.848776265874079172e+01
5.660272799999999549e+00 1.810170770160013376e-01
5.662587839999999595e+00 3.262731325860089981e+01
5.664902879999999641e+00 -3.305786639259699200e+01
5.667217919999999687e+00 -8.841593232725136886e+01
5.669532959999999733e+00 -6.396731999958276305e+01
5.671847999999999779e+00 9.874446793092317876e+00
5.674163039999999825e+00 9.499230430724520602e+01
5.676478079999999871e+00 1.490419589164456511e+02
5.678793119999999917e+00 9.469054684567663571e+01
5.681108159999999963e+00 6.029727736948485983e+01
5.683423200000000008e+00 3.044885304236888501e+01
5.685738240000000054e+00 7.830662472427493981e+01
5.688053280000000100e+00 2.054987060369781204e+02
5.690368320000000146e+00 2.153755667398234550e+02
5.692683360000000192e+00 1.616334715703108600e+02
5.694998400000000238e+00 5.415870059186853780e+01
5.697313440000000284e+00 -2.744340869249910497e+00
5.699628480000000330e+00 2.672934730148164917e+01
5.701943520000000376e+00 1.241966880627172571e+02
5.704258559999999534e+00 1.971271596071709098e+02
5.706573599999999580e+00 1.927697982018018195e+02
5.708888639999999626e+00 1.606088359984418332e+02
5.711203679999999672e+00 2.776120068088678750e+01
5.713518719999999718e+00 6.651146191037870636e+00
5.715833759999999764e+00 6.256300348961242008e+01
5.718148799999999810e+00 1.733660466344078657e+02
5.720463839999999855e+00 2.716618597994900597e+02
5.722778879999999901e+00 1.846793321126153273e+02
5.725093919999999947e+00 8.784439232051212798e+01
5.727408959999999993e+00 4.668011212126784670e+01
5.729724000000000039e+00 6.528670706496772880e+01
5.732039040000000085e+00 1.774016637018063705e+02
5.734354080000000131e+00 1.733805168196290367e+02
5.736669120000000177e+00 1.579117370651627823e+02
5.738984160000000223e+00 1.535442985325538814e+02
5.741299200000000269e+00 7.428856071676283079e+01
5.743614240000000315e+00 2.781470995483545039e+00
5.745929280000000361e+00 -9.848059199533306440e+00
5.748244319999999519e+00 -3.824334098655530312e+00
5.750559359999999565e+00 3.467597379230225130e+01
5.752874399999999611e+00 5.820386573018173237e+01
5.755189439999999657e+00 2.343984444613018070e+01
5.757504479999999702e+00 -4.379716235606807118e+00
5.759819519999999748e+00 5.095790851512434472e+01
5.762134559999999794e+00 8.903965373559694285e+01
5.764449599999999840e+00 3.830306799141361296e+01
5.766764639999999886e+00 7.051474528317498880e+00
5.769079679999999932e+00 -1.805632442910096103e+01
5.771394719999999978e+00 4.892021603810949415e+00
5.773709760000000024e+00 -4.832185652744659166e+00
5.776024800000000070e+00 -3.259468802883993988e+00
5.778339840000000116e+00 -3.493366865459956472e+01
5.780654880000000162e+00 -4.351494795644514824e+01
5.782969920000000208e+00 -1.273931008234789886e+00
5.785284960000000254e+00 -4.929896117295445634e+00
5.787600000000000300e+00 -4.832696866523492929e+01
5.789915040000000346e+00 -5.273538945321540439e+00
5.792230080000000392e+00 -1.146154196237539580e+01
5.794545119999999550e+00 -6.430181146768686062e+01
5.796860159999999595e+00 -7.852606774454126537e+01
5.799175199999999641e+00 -8.276064240260691918e+01
5.801490239999999687e+00 -4.782623743358630009e+01
5.803805279999999733e+00 2.669623440482951082e+01
5.806120319999999779e+00 8.337665437349221520e+01
5.808435359999999825e+00 -2.560472533369434700e+00
5.810750399999999871e+00 -6.645145563648793541e+01
5.813065439999999917e+00 -8.687295909405658279e+01
5.815380479999999963e+00 -1.125664245295255199e+02
5.817695520000000009e+00 -5.098111189873878146e+01
5.820010560000000055e+00 2.185707972007897126e+01
5.822325600000000101e+00 -4.219201224000241268e+01
5.824640640000000147e+00 -1.081006120494939466e+02
5.826955680000000193e+00 -1.228903563901732809e+02
5.829270720000000239e+00 -1.148609151679886651e+02
5.831585760000000285e+00 -1.275143989096347070e+02
5.833900800000000331e+00 -1.148853801577270985e+02
5.836215840000000377e+00 -1.165004015927166705e+02
5.838530879999999534e+00 -1.731316571925422636e+02
5.840845919999999580e+00 -2.063281452460740013e+02
5.843160959999999626e+00 -2.085836551484190124e+02
5.845475999999999672e+00 -1.998689354975633705e+02
5.847791039999999718e+00 -1.847384399896091622e+02
5.850106079999999764e+00 -1.578747469633806304e+02
5.852421119999999810e+00 -1.974806268007014296e+02
5.854736159999999856e+00 -2.250398308830740746e+02
5.857051199999999902e+00 -1.814735805442105629e+02
5.859366239999999948e+00 -8.141820461239812801e+01
5.861681279999999994e+00 -3.354542397361370831e+01
5.863996320000000040e+00 1.516399846526682893e+01
5.866311360000000086e+00 3.507981342454763762e+01
5.868626400000000132e+00 -3.378352667985174662e+01
5.870941440000000178e+00 -6.339460635519230181e+01
5.873256480000000224e+00 3.967320927396912111e+00
5.875571520000000270e+00 5.367394474672304483e+01
5.877886560000000316e+00 1.002302900873564226e+02
5.880201600000000361e+00 1.819444547071376519e+02
5.882516639999999519e+00 4.103537606749145539e+01
5.884831679999999565e+00 -6.356841668197593265e+01
5.887146719999999611e+00 -3.213165747986492704e+01
5.889461759999999657e+00 5.306741750961425907e+01
5.891776799999999703e+00 9.359751077914143025e+01
5.894091839999999749e+00 1.165610486771106480e+02
5.896406879999999795e+00 9.778647343881254983e+01
5.898721919999999841e+00 -2.007443416954215820e+01
5.901036959999999887e+00 -7.999944623227744955e+01
5.903351999999999933e+00 -2.013622654620087360e+01
5.905667039999999979e+00 1.324477000771568385e+02
5.907982080000000025e+00 1.996646816921876280e+02
5.910297120000000071e+00 1.541815865786913946e+02
5.912612160000000117e+00 1.317514108679232550e+02
5.914927200000000163e+00 1.656253026593375921e+01
5.917242240000000209e+00 1.120822401207810515e+01
5.919557280000000254e+00 1.218778047712871455e+02
5.921872320000000300e+00 2.266516765041299664e+02
5.924187360000000346e+00 2.010686286571371681e+02
5.926502400000000392e+00 1.420005937225673733e+02
5.928817439999999550e+00 5.476071588622500030e+01
5.931132479999999596e+00 -7.252614807135977060e+00
5.933447519999999642e+00 3.582194693785396566e+01
5.935762559999999688e+00 1.034552753778682046e+02
5.938077599999999734e+00 1.041068363357310318e+02
5.940392639999999780e+00 1.857219605196995360e+01
5.942707679999999826e+00 -3.471767834102423933e+01
5.945022719999999872e+00 -4.429155869410408286e+01
5.947337759999999918e+00 -1.704838331585008859e+00
5.949652799999999964e+00 5.569004496322126130e+01
5.951967840000000010e+00 5.045640801493539840e+01
5.954282880000000056e+00 1.466297663378402660e+01
5.956597920000000101e+00 -3.275236086551002046e+01
5.958912960000000147e+00 -8.517001819288751108e+01
5.961228000000000193e+00 -9.779532009260503855e+01
5.963543040000000239e+00 2.929204161907634330e+00
5.965858080000000285e+00 3.868820705687429751e+01
5.968173120000000331e+00 3.418827258112806078e+00
5.970488160000000377e+00 -3.184483085539364211e+00
5.972803199999999535e+00 -4.946456059072399825e+01
5.975118239999999581e+00 -6.602094713326957276e+01
5.977433279999999627e+00 4.801099424232781132e+01
5.979748319999999673e+00 4.625905599891105879e+01
5.982063359999999719e+00 5.251461499697040836e+01
5.984378399999999765e+00 2.653305863446719215e+01
5.986693439999999811e+00 -5.708597150361661932e+00
5.989008479999999857e+00 -3.058666800791094786e+01
5.991323519999999903e+00 3.576779239488054429e+00
5.993638559999999949e+00 1.116488623266192377e+02
5.995953599999999994e+00 6.756446903449335650e+01
5.998268640000000040e+00 3.752013406570192444e+00
6.000583680000000086e+00 -2.971381538670972589e+01
6.002898720000000132e+00 -6.745702832899812051e+01
6.005213760000000178e+00 -4.726584895753784110e+01
6.007528800000000224e+00 -1.729381606363888579e+01
6.009843840000000270e+00 -8.515144794267079931e-01
6.012158880000000316e+00 -4.879394846135050301e+01
6.014473920000000362e+00 -4.874809869789250882e+01
6.016788959999999520e+00 -5.174364334399276544e+01
